abbey	artifact
abbey	container
abbey	device
abbey	home
abdomen	body-part
abdomen	part
abdomen	structure
abdomen	system
ability	disposition
abrasion	part
abrasion	structure
abrasion	system
abscess	event
abscess	illness
abscess	situation
academy	institution
academy	school
academy	structure
academy	system
accident	event
accident	situation
account	information
account	norm
acknowledgment	action
acknowledgment	event
acknowledgment	situation
acquisition	action
acquisition	event
acquisition	situation
action	event
action	situation
actor	artist
actor	human
actor	mammal
actor	professional
actor	structure
actor	system
actor	vertebrate
actor	worker
acyclovir	medicine
adaptation	action
adaptation	event
adaptation	situation
address	information
admiration	emotion
admiration	satisfaction
admission	action
admission	event
admission	situation
adult	structure
adult	system
affirmation	statement
agony	emotion
aids	event
aids	hiv-infection
aids	illness
aids	situation
aids	viral-infection
aircraft	artifact
aircraft	device
airline	institution
airline	structure
airline	system
airplane	aircraft
airplane	artifact
airplane	device
aisle	artifact
aisle	cavity
aisle	container
aisle	device
aisle	route
alarm-clock	artifact
alarm-clock	clock
alarm-clock	device
allergist	adult
allergist	doctor
allergist	human
allergist	mammal
allergist	professional
allergist	structure
allergist	system
allergist	vertebrate
allergist	worker
alliance	structure
alliance	system
allotment	information
allotment	norm
allowance	information
allowance	norm
altar	artifact
altar	cavity
altar	container
altar	device
altar	surface
ambulance	artifact
ambulance	container
ambulance	device
ambulance	land-vehicle
ambulance	product
amendment	event
amendment	situation
amoxicillin	medicine
amoxicillin	penicillin
amoxicillin	prescription-drug
amphetamine	medicine
amphibian	structure
amphibian	system
amphibian	vertebrate
ampicillin	medicine
ampicillin	molecule
ampicillin	penicillin
ampicillin	prescription-drug
analgesic	artifact
analgesic	medicine
analyst	adult
analyst	human
analyst	mammal
analyst	structure
analyst	system
analyst	vertebrate
analyst	worker
anemia	event
anemia	illness
anemia	situation
anger	emotion
anger	frustration
ankle	body-part
ankle	part
ankle	structure
ankle	system
annex	artifact
annex	container
annex	device
annotation	statement
ant	insect
ant	invertebrate
ant	structure
ant	system
anti-inflammatory	medicine
antiarrhythmic	medicine
antiemetic	medicine
antihistamine	medicine
antipyretic	analgesic
antipyretic	artifact
antipyretic	medicine
antiseptic	medicine
apartment	artifact
apartment	cavity
apartment	container
apartment	device
apartment	home
apartment	suite
apnea	event
apnea	illness
apnea	situation
appearance	event
appearance	situation
appendectomy	action
appendectomy	event
appendectomy	situation
appendectomy	surgery
appendectomy	work
appendix	information
apple	part
apple	structure
apple	system
applicant	human
applicant	mammal
applicant	structure
applicant	system
applicant	vertebrate
application	action
application	event
application	situation
appointment	information
appointment	norm
appraisal	action
appraisal	event
appraisal	situation
appraisal-report	artifact
appraisal-report	image
arachnid	invertebrate
arachnid	structure
arachnid	system
architect	adult
architect	human
architect	mammal
architect	structure
architect	system
architect	vertebrate
architect	worker
architecture	action
architecture	event
architecture	situation
architecture	thinking
arm	body-part
arm	limb
arm	part
arm	structure
arm	system
armchair	artifact
armchair	chair
armchair	device
armchair	furniture
army-division	structure
army-division	system
aromatherapy	action
aromatherapy	event
aromatherapy	situation
arrow	artifact
arrow	device
arrow	projectile
arrow	weapon
article	information
artillery-shell	artifact
artillery-shell	device
artillery-shell	projectile
artillery-shell	weapon
artist	human
artist	mammal
artist	structure
artist	system
artist	vertebrate
artist	worker
assistant	human
assistant	mammal
assistant	structure
assistant	system
assistant	vertebrate
association	structure
association	system
athlete	human
athlete	mammal
athlete	structure
athlete	system
athlete	vertebrate
attachment	situation
attention	action
attention	event
attention	situation
attention	work
auction	action
auction	event
auction	situation
auditor	adult
auditor	human
auditor	mammal
auditor	professional
auditor	structure
auditor	system
auditor	vertebrate
auditor	worker
autoimmune-disease	event
autoimmune-disease	illness
autoimmune-disease	situation
avenue	artifact
avenue	device
avenue	roadway
avenue	route
avenue	street
avenue	surface
axis	line
aztreonam	medicine
bacon	meat
bacterium	microorganism
bacterium	structure
bacterium	system
ballet	action
ballet	event
ballet	situation
balloon	artifact
balloon	device
banana	part
banana	structure
banana	system
band	structure
band	system
bandage	artifact
bandage	device
banquet	action
banquet	event
banquet	situation
banquet	social-occasion
bargain	action
bargain	event
bargain	situation
bark	event
bark	signal
bark	situation
baron	human
baron	mammal
baron	structure
baron	system
baron	vertebrate
barrel	artifact
barrel	container
barrel	device
barter	action
barter	event
barter	exchange
barter	situation
barter	transaction
baseball	artifact
baseball	device
basis	information
basket	artifact
basket	container
basket	device
basketball	artifact
basketball	device
bathroom	artifact
bathroom	cavity
bathroom	container
bathroom	device
bathroom	part
bathtub	artifact
bathtub	cavity
bathtub	container
bathtub	device
bathtub	part
bathtub	tub
battery	artifact
battery	device
battery	part
battery	route
bay	body-of-water
beach	environment
beard	artifact
beard	body-part
beard	device
beard	part
beard	structure
beard	system
bed	artifact
bed	furniture
bedroom	artifact
bedroom	cavity
bedroom	container
bedroom	device
bedroom	part
bee	insect
bee	invertebrate
bee	structure
bee	system
bee-sting	action
bee-sting	event
bee-sting	situation
beer	artifact
beer	product
beer	solution
bend	body-of-water
bend	route
betrothal	action
betrothal	event
betrothal	situation
bible	artifact
bible	copy
bible	image
bible	publication
bicycle	artifact
bicycle	device
bird	structure
bird	system
bird	vertebrate
birth	action
birth	event
birth	situation
bite-wound	part
bite-wound	structure
bite-wound	system
blackmail	action
blackmail	event
blackmail	situation
blade	artifact
blade	device
blanket	artifact
blanket	device
blanket	surface
blessing	action
blessing	event
blessing	prayer
blessing	ritual
blessing	situation
blister	part
blister	structure
blister	system
blood	body-part
blood	part
blood	red
blood	solution
blood	structure
blood	system
blood-poisoning	event
blood-poisoning	illness
blood-poisoning	situation
bloodshed	action
bloodshed	event
bloodshed	situation
board-of-directors	committee
board-of-directors	structure
board-of-directors	system
boat	artifact
boat	container
boat	device
boat	watercraft
body-part	part
body-part	structure
body-part	system
bolt	artifact
bolt	cylinder
bolt	device
bolt	shaft
bomb	artifact
bomb	device
bomb	weapon
bone	body-part
bone	part
bone	structure
bone	system
bone	tissue
boot	artifact
boot	clothing
boot	device
boot	shoe
bottle	artifact
bottle	container
bottle	device
bottom	side
bottom	surface
boundary-line	line
bowl	artifact
bowl	cavity
bowl	container
bowl	device
box	artifact
box	container
box	device
boxing-ring	artifact
brain	body-part
brain	part
brain	structure
brain	system
brake	artifact
brake	device
brake	part
brake	product
branch	structure
branch	system
breakfast	meal
breast	body-part
breast	part
breast	structure
breast	system
breeze	event
breeze	situation
breeze	weather
brewery	institution
brewery	structure
brewery	system
brick	artifact
brick	block
brick	device
bride	human
bride	mammal
bride	structure
bride	system
bride	vertebrate
bridge	artifact
bridge	device
bridge	route
bronchodilator	medicine
brother	structure
brother	system
bruise	part
bruise	structure
bruise	system
brush	artifact
brush	device
brush	hardware
brush	tool
bubble	surface
bucket	artifact
bucket	container
bucket	device
buffet	artifact
buffet	container
buffet	device
buffet	furniture
bulb	part
bulb	structure
bulb	system
bureaucracy	structure
bureaucracy	system
burn	part
burn	structure
burn	system
bus	artifact
bus	container
bus	device
bus	land-vehicle
bus-ticket	artifact
bus-ticket	device
bus-ticket	image
bus-ticket	ticket
businessman	adult
businessman	human
businessman	mammal
businessman	professional
businessman	structure
businessman	system
businessman	vertebrate
businessman	worker
butter	artifact
butter	dairy-product
cab	artifact
cab	cavity
cab	container
cab	device
cab	part
cabin	artifact
cabin	container
cabin	device
cabin	home
cable	artifact
cable	cord
cable	device
cable	line
cable	route
cage	artifact
cage	container
cage	device
call	action
call	event
call	situation
camera	artifact
camera	device
campaign	action
campaign	event
campaign	situation
can	artifact
can	container
can	device
candle	artifact
candle	device
cane	artifact
cane	device
canvas	artifact
canvas	device
canvas	supply
canvas	surface
cap	artifact
cap	device
capital-city	city
capital-city	structure
capital-city	system
caption	information
car	artifact
car	container
car	device
car	land-vehicle
card	artifact
card	image
cardiologist	adult
cardiologist	doctor
cardiologist	human
cardiologist	mammal
cardiologist	professional
cardiologist	structure
cardiologist	system
cardiologist	vertebrate
cardiologist	worker
care	action
care	event
care	situation
care	work
case	information
cash	artifact
cash	currency
cash	device
cash	image
cash-register	artifact
cash-register	device
castle	artifact
castle	container
castle	device
castration	action
castration	event
castration	situation
castration	surgery
cat	mammal
cat	structure
cat	system
cat	vertebrate
cathedral	artifact
cathedral	container
cathedral	device
cathedral	temple
cave	cavity
cefadroxil	cephalosporin
cefadroxil	medicine
cefoperazone	medicine
cefotaxime	medicine
ceftazidime	medicine
ceftriaxone	medicine
cefuroxime	cephalosporin
cefuroxime	medicine
ceiling	artifact
ceiling	part
census	action
census	event
census	situation
cephalexin	cephalosporin
cephalexin	medicine
cephalosporin	medicine
cerebral-hemisphere	body-part
cerebral-hemisphere	part
cerebral-hemisphere	structure
cerebral-hemisphere	system
cerebral-hemorrhage	event
cerebral-hemorrhage	illness
cerebral-hemorrhage	situation
certificate	artifact
certificate	image
chair	artifact
chair	device
chair	furniture
challenge	situation
champagne	artifact
champagne	product
champagne	solution
champagne	wine
championship	action
championship	competition
championship	conflict
championship	event
championship	situation
channel	body-of-water
chapter	information
charity	structure
charity	system
chart	image
charter	artifact
charter	image
cheek	body-part
cheek	part
cheek	structure
cheek	system
cheese	artifact
cheese	dairy-product
chemical-reaction	event
chemical-reaction	situation
cherry	part
cherry	structure
cherry	system
chimney	artifact
chimney	container
chimney	device
chimney	route
chin	body-part
chin	part
chin	structure
chin	system
chip	artifact
chocolate	artifact
chronic-lymphocytic-leukemia	event
chronic-lymphocytic-leukemia	illness
chronic-lymphocytic-leukemia	leukemia
chronic-lymphocytic-leukemia	situation
church	structure
church	system
cigarette	artifact
cigarette	device
ciprofloxacin	medicine
citizen	human
citizen	mammal
citizen	structure
citizen	system
citizen	vertebrate
city	structure
city	system
civilian	human
civilian	mammal
civilian	structure
civilian	system
civilian	vertebrate
class	action
class	event
class	meeting
class	situation
class	social-occasion
classroom	artifact
classroom	cavity
classroom	container
classroom	device
classroom	part
clemency	action
clemency	event
clemency	situation
cliff	slope
clipping	artifact
clipping	device
clipping	image
clipping	surface
clock	artifact
clock	device
clothing	artifact
clothing	device
coach	adult
coach	human
coach	mammal
coach	structure
coach	system
coach	vertebrate
coach	worker
coat	artifact
coat	clothing
coat	device
coating	action
coating	event
coating	situation
coffin	artifact
coffin	container
coffin	device
cognition	event
cognition	situation
coin	artifact
coin	cash
coin	currency
coin	device
coin	image
coin	token
cold-medicine	artifact
cold-medicine	medicine
collar	artifact
collar	part
collar	surface
college	institution
college	structure
college	system
colon	body-part
colon	container
colon	line
colon	part
colon	route
colon	structure
colon	system
column	article
column	information
column	publication
coma	event
coma	illness
coma	situation
comedy	information
comic-strip	information
commitment	situation
committee	structure
committee	system
comparison	action
comparison	event
comparison	situation
comparison	work
compartment	container
compartment	part
competition	action
competition	conflict
competition	event
competition	situation
component	artifact
component	device
component	product
composer	artist
composer	human
composer	mammal
composer	musician
composer	structure
composer	system
composer	vertebrate
composer	worker
compromise	action
compromise	event
compromise	information
compromise	norm
compromise	situation
computer	artifact
computer	device
computer	product
computer	structure
computer	system
computer-memory	information
computer-mouse	artifact
computer-mouse	device
computer-mouse	product
computer-virus	information
concept	idea
concept	information
concern	emotion
concession	action
concession	compromise
concession	event
concession	information
concession	norm
concession	situation
concrete	artifact
conductor	artist
conductor	human
conductor	mammal
conductor	musician
conductor	professional
conductor	structure
conductor	system
conductor	vertebrate
conductor	worker
conference	action
conference	event
conference	meeting
conference	situation
conference	social-occasion
confession	action
confession	event
confession	situation
confidence	emotion
conflict	event
conflict	situation
conformity	action
conformity	event
conformity	situation
confusion	emotion
conscience	context
conscience	information
consciousness	event
consciousness	situation
consensus	action
consensus	event
consensus	situation
constipation	event
constipation	situation
consumer	human
consumer	mammal
consumer	structure
consumer	system
consumer	vertebrate
contempt	emotion
context	information
contract	information
contract	norm
conversation	action
conversation	dialogue
conversation	event
conversation	situation
conversion	event
conversion	situation
copyright	information
copyright	norm
cord	artifact
cord	line
cord	route
corruption	action
corruption	event
corruption	situation
costume	artifact
costume	clothing
costume	device
council	structure
council	system
country	structure
country	system
coup-d'etat	action
coup-d'etat	event
coup-d'etat	situation
couple	pair
courage	confidence
courage	emotion
course-of-study	action
course-of-study	event
course-of-study	situation
course-of-study	teaching
court	structure
court	system
courtesy	action
courtesy	event
courtesy	situation
courtship	event
courtship	situation
craft	action
craft	event
craft	situation
craftsman	human
craftsman	mammal
craftsman	structure
craftsman	system
craftsman	vertebrate
craftsman	worker
cramp	event
cramp	illness
cramp	situation
crash	action
crash	event
crash	situation
credit-card	artifact
credit-card	card
credit-card	device
credit-card	image
creed	information
cricket	insect
cricket	invertebrate
cricket	structure
cricket	system
criminal	human
criminal	mammal
criminal	structure
criminal	system
criminal	vertebrate
criminal	worker
crisis	emergency
crisis	situation
critic	human
critic	mammal
critic	structure
critic	system
critic	vertebrate
critique	information
crop	structure
crop	system
cross	artifact
crossing	action
crossing	event
crossing	situation
crown	artifact
crown	device
crutch	artifact
crutch	device
cubicle	artifact
cubicle	cavity
cubicle	container
cubicle	device
cup	artifact
cup	container
cup	device
cupboard	artifact
cupboard	box
cupboard	container
cupboard	device
cupboard	part
currency	artifact
currency	device
currency	image
curtain	artifact
curtain	device
curtain	part
curtain	surface
cushion	artifact
cushion	part
custom	information
cut	artifact
cyanosis	event
cyanosis	illness
cyanosis	situation
cycle	event
cycle	situation
dairy	institution
dairy	structure
dairy	system
dairy-product	artifact
daylight	event
daylight	light
daylight	situation
daylight	sunlight
death	action
death	event
death	illness
death	situation
decade	time-period
decongestant	medicine
decortication	action
decortication	event
decortication	situation
decrease	event
decrease	situation
decree	statement
deed	artifact
deed	image
deer	mammal
deer	structure
deer	system
deer	vertebrate
deficit	event
deficit	situation
definition	information
dementia	event
dementia	illness
dementia	situation
demo	information
denial	statement
dental-appliance	artifact
dental-appliance	device
dentist	adult
dentist	human
dentist	mammal
dentist	professional
dentist	structure
dentist	system
dentist	vertebrate
dentist	worker
dentistry	action
dentistry	event
dentistry	situation
departure	action
departure	event
departure	situation
depression	cavity
dermatologist	adult
dermatologist	doctor
dermatologist	human
dermatologist	mammal
dermatologist	professional
dermatologist	structure
dermatologist	system
dermatologist	vertebrate
dermatologist	worker
desire	emotion
desk	artifact
desk	container
desk	device
desk	furniture
despair	emotion
despair	grief
despair	misery
despair	sorrow
detail	event
detail	image
detail	light
detail	signal
detail	situation
detective	human
detective	mammal
detective	structure
detective	system
detective	vertebrate
detective	worker
development	event
development	situation
device	artifact
diagram	information
dialect	information
dialect	language
dialect	natural-language
dialogue	action
dialogue	event
dialogue	situation
diarrhea	event
diarrhea	illness
diarrhea	situation
diary	artifact
diary	image
dictionary	information
diet	action
diet	event
diet	situation
dilation-and-curettage	action
dilation-and-curettage	event
dilation-and-curettage	situation
dilation-and-curettage	work
dilemma	situation
dinner	meal
diplomat	adult
diplomat	human
diplomat	mammal
diplomat	professional
diplomat	structure
diplomat	system
diplomat	vertebrate
diplomat	worker
director	human
director	mammal
director	member
director	structure
director	system
director	vertebrate
director	worker
disability	event
disability	situation
disappointment	emotion
disappointment	sorrow
discovery	artifact
discovery	car
discovery	container
discovery	device
discovery	land-vehicle
disgrace	situation
dish	artifact
dish	container
dish	device
disk	cylinder
dispute	conflict
dispute	event
dispute	situation
dissertation	information
dissertation	publication
district	state
district	structure
district	system
divorce	action
divorce	event
divorce	situation
dizziness	event
dizziness	situation
doctor	adult
doctor	human
doctor	mammal
doctor	professional
doctor	structure
doctor	system
doctor	vertebrate
doctor	worker
dog	mammal
dog	structure
dog	system
dog	vertebrate
doll	artifact
doll	device
dome	artifact
dominion	structure
dominion	system
door	part
doorbell	artifact
doorbell	device
dormitory	artifact
dormitory	container
dormitory	device
dormitory	home
dose	medicine
doubt	emotion
doubt	uncertainty
doxycycline	medicine
dragon	reptile
dragon	structure
dragon	system
dragon	vertebrate
drawer	artifact
drawer	container
drawer	device
drawer	part
drill	artifact
drill	device
drill	tool
drinking	action
drinking	ending
drinking	event
drinking	situation
drive	event
drive	situation
driver	human
driver	mammal
driver	structure
driver	system
driver	vertebrate
driveway	artifact
driveway	route
driveway	surface
drop	particle
drug-cocktail	medicine
drum	artifact
drum	can
drum	container
drum	device
duke	human
duke	mammal
duke	structure
duke	system
duke	vertebrate
dysfunction	event
dysfunction	illness
dysfunction	situation
dyspnea	event
dyspnea	illness
dyspnea	respiratory-disease
dyspnea	situation
dyspnea	symptom
eagle	bird
eagle	structure
eagle	system
eagle	vertebrate
ear	body-part
ear	detector
ear	part
ear	structure
ear	system
earth-science	field-of-study
earth-science	information
earthquake	event
earthquake	situation
economic-system	system
economy	action
economy	event
economy	situation
economy	transaction
edge	artifact
edge	line
elbow	body-part
elbow	part
elbow	structure
elbow	system
electric-shock	event
electric-shock	situation
electroencephalograph	artifact
electroencephalograph	device
electromyograph	artifact
electromyograph	device
electron	event
electron	situation
elephant	mammal
elephant	structure
elephant	system
elephant	vertebrate
elevator	artifact
elevator	cavity
elevator	container
elevator	device
elevator	part
elite	human
elite	mammal
elite	structure
elite	system
elite	vertebrate
embolectomy	action
embolectomy	event
embolectomy	situation
embolectomy	work
embryo	structure
embryo	system
emergency	situation
empire	structure
empire	system
endarterectomy	action
endarterectomy	event
endarterectomy	situation
ending	event
ending	situation
endocrinologist	adult
endocrinologist	doctor
endocrinologist	human
endocrinologist	mammal
endocrinologist	professional
endocrinologist	structure
endocrinologist	system
endocrinologist	vertebrate
endocrinologist	worker
endoscope	artifact
endoscope	device
engine	artifact
engine	device
engineer	adult
engineer	human
engineer	mammal
engineer	professional
engineer	structure
engineer	system
engineer	vertebrate
engineer	worker
entertainment	emotion
entertainment	fun
entertainment	satisfaction
enthusiasm	emotion
enthusiasm	excitement
entrance	cavity
envelope	artifact
envelope	container
envelope	device
equation	statement
equilibrium	situation
erosion	action
erosion	event
erosion	situation
escape	action
escape	event
escape	illness
escape	situation
essay	information
event	situation
evidence	information
examiner	human
examiner	mammal
examiner	structure
examiner	system
examiner	vertebrate
exception	situation
exchange	action
exchange	event
exchange	situation
exchange	transaction
excitement	emotion
excuse	information
executive	adult
executive	human
executive	mammal
executive	structure
executive	system
executive	vertebrate
executive	worker
exit	cavity
expectation	context
expectation	information
expectorant	medicine
expert	human
expert	mammal
expert	structure
expert	system
expert	vertebrate
explaining	action
explaining	event
explaining	situation
explosion	ending
explosion	event
explosion	situation
extraterrestrial-being	structure
extraterrestrial-being	system
eye	body-part
eye	detector
eye	part
eye	structure
eye	system
eyebrow	artifact
eyebrow	body-part
eyebrow	device
eyebrow	part
eyebrow	structure
eyebrow	system
eyelid	artifact
eyelid	body-part
eyelid	device
eyelid	part
eyelid	structure
eyelid	system
face	body-part
face	part
face	structure
face	system
failing	action
failing	event
failing	situation
fairy	structure
fairy	system
family	structure
family	system
farm	structure
farm	system
farmer	human
farmer	mammal
farmer	structure
farmer	system
farmer	vertebrate
farmer	worker
fear	emotion
feedback	action
feedback	event
feedback	situation
feminist	human
feminist	mammal
feminist	structure
feminist	system
feminist	vertebrate
fence	artifact
fence	obstacle
fenestration	action
fenestration	event
fenestration	situation
ferry	artifact
ferry	container
ferry	device
ferry	ship
ferry	watercraft
festering	event
festering	situation
festival	action
festival	event
festival	situation
festival	social-occasion
fetal-alcohol-syndrome	event
fetal-alcohol-syndrome	illness
fetal-alcohol-syndrome	situation
fever	action
fever	event
fever	illness
fever	situation
fiber	artifact
fiber	cord
fiber	line
fiber	route
field-of-study	information
fig	part
fig	structure
fig	system
fight	action
fight	conflict
fight	event
fight	situation
filariasis	event
filariasis	illness
filariasis	situation
file-cabinet	artifact
file-cabinet	box
file-cabinet	container
file-cabinet	device
file-cabinet	furniture
film	surface
filter	artifact
filter	device
finger	body-part
finger	part
finger	structure
finger	system
fingernail	body-part
fingernail	part
fingernail	structure
fingernail	system
finish	artifact
fire	ending
fire	event
fire	situation
fisherman	human
fisherman	mammal
fisherman	structure
fisherman	system
fisherman	vertebrate
fisherman	worker
fist	body-part
fist	hand
fist	part
fist	structure
fist	system
flag	artifact
flag	surface
flash	artifact
flash	device
flash	lamp
flashlight	artifact
flashlight	device
flashlight	hardware
flashlight	lamp
floor	artifact
floor	part
floor	surface
flour	powder
fluctuation	situation
fly	insect
fly	invertebrate
fly	structure
fly	system
foot	body-part
foot	part
foot	structure
foot	system
foreman	human
foreman	mammal
foreman	structure
foreman	system
foreman	vertebrate
foreman	worker
forest	countryside
forest	environment
forest	obstacle
forestry	action
forestry	event
forestry	situation
fork	artifact
fork	device
fork	hardware
fork	tool
form	information
formulary	information
formulary	norm
fox	mammal
fox	structure
fox	system
fox	vertebrate
franchise	structure
franchise	system
fraud	action
fraud	event
fraud	situation
freckle	part
freckle	structure
freckle	system
freedom	emotion
frog	amphibian
frog	structure
frog	system
frog	vertebrate
frostbite	event
frostbite	illness
frostbite	situation
frustration	emotion
fun	emotion
fun	satisfaction
fundamental-law	information
fundamental-law	law
fundamental-law	norm
fungus	structure
fungus	system
fur	artifact
fur	body-part
fur	device
fur	part
fur	structure
fur	system
furniture	artifact
fury	artifact
fury	car
fury	container
fury	device
fury	land-vehicle
game	information
garage	artifact
garage	cavity
garage	container
garage	device
garden	artifact
gas-gangrene	event
gas-gangrene	illness
gas-gangrene	situation
gastroenterologist	adult
gastroenterologist	doctor
gastroenterologist	human
gastroenterologist	internist
gastroenterologist	mammal
gastroenterologist	professional
gastroenterologist	structure
gastroenterologist	system
gastroenterologist	vertebrate
gastroenterologist	worker
gem	ground
gem	mineral
general-practitioner	adult
general-practitioner	doctor
general-practitioner	human
general-practitioner	mammal
general-practitioner	professional
general-practitioner	structure
general-practitioner	system
general-practitioner	vertebrate
general-practitioner	worker
genetic-disease	event
genetic-disease	illness
genetic-disease	situation
genius	human
genius	mammal
genius	structure
genius	system
genius	vertebrate
gesture	image
gesture	signal
gesture	situation
giant	human
giant	mammal
giant	structure
giant	system
giant	vertebrate
giardiasis	event
giardiasis	illness
giardiasis	situation
glacier	environment
glacier	ice
globe	artifact
globe	image
glove	artifact
glove	clothing
glove	device
glow	event
glow	situation
glue	artifact
goat	mammal
goat	structure
goat	system
goat	vertebrate
goiter	event
goiter	illness
goiter	situation
good-will	emotion
governor	adult
governor	executive
governor	human
governor	mammal
governor	structure
governor	system
governor	vertebrate
governor	worker
gown	artifact
gown	clothing
gown	device
graduate-nurse	adult
graduate-nurse	human
graduate-nurse	mammal
graduate-nurse	nurse
graduate-nurse	professional
graduate-nurse	structure
graduate-nurse	system
graduate-nurse	vertebrate
graduate-nurse	worker
grant	information
grant	norm
grave	artifact
grave	container
grave	device
greenhouse	artifact
greenhouse	container
greenhouse	device
greeting	action
greeting	event
greeting	situation
greeting-card	artifact
greeting-card	card
greeting-card	image
grief	emotion
grief	sorrow
grimace	action
grimace	event
grimace	situation
grinder	artifact
grinder	device
grip	action
grip	event
grip	situation
grocery-store	structure
grocery-store	system
guard	athlete
guard	human
guard	mammal
guard	structure
guard	system
guard	vertebrate
guard	worker
guerrilla	adult
guerrilla	human
guerrilla	mammal
guerrilla	professional
guerrilla	structure
guerrilla	system
guerrilla	vertebrate
guerrilla	warrior
guerrilla	worker
guidepost	artifact
guidepost	image
guilt	emotion
guinea-pig	mammal
guinea-pig	structure
guinea-pig	system
guinea-pig	vertebrate
guitar	artifact
guitar	device
guitar	musical-instrument
gun	artifact
gun	device
gun	product
gun	weapon
gutter	artifact
gutter	container
gutter	device
gutter	part
gutter	route
gynecologist	adult
gynecologist	doctor
gynecologist	human
gynecologist	mammal
gynecologist	professional
gynecologist	structure
gynecologist	system
gynecologist	vertebrate
gynecologist	worker
habit	artifact
habit	clothing
habit	device
habitat	environment
haircut	action
haircut	event
haircut	situation
hall	artifact
hall	cavity
hall	container
hall	device
hallway	artifact
hallway	cavity
hallway	container
hallway	device
hallway	route
ham	artifact
ham	meat
hand	body-part
hand	part
hand	structure
hand	system
handbag	artifact
handbag	container
handbag	device
hat	artifact
hat	clothing
hat	device
head	body-part
head	part
head	structure
head	system
head-nurse	adult
head-nurse	human
head-nurse	mammal
head-nurse	nurse
head-nurse	professional
head-nurse	structure
head-nurse	system
head-nurse	vertebrate
head-nurse	worker
headline	information
headline	news
heart-murmur	event
heart-murmur	illness
heart-murmur	sign
heart-murmur	situation
hedge	row
heel	body-part
heel	part
heel	structure
heel	system
helicopter	aircraft
helicopter	artifact
helicopter	container
helicopter	device
helmet	artifact
helmet	device
hematologist	adult
hematologist	doctor
hematologist	human
hematologist	mammal
hematologist	professional
hematologist	structure
hematologist	system
hematologist	vertebrate
hematologist	worker
hemoptysis	event
hemoptysis	illness
hemoptysis	situation
hemoptysis	symptom
hemostat	artifact
hemostat	device
herb	structure
herb	system
hernia	event
hernia	illness
hernia	situation
hero	human
hero	mammal
hero	structure
hero	system
hero	vertebrate
heroin	analgesic
heroin	artifact
heroin	medicine
hill	ground
hip	body-part
hip	part
hip	structure
hip	system
historic-period	time-period
history	information
history	narrative
hiv-infection	event
hiv-infection	illness
hiv-infection	situation
hiv-infection	viral-infection
hodgkin's-disease	event
hodgkin's-disease	illness
hodgkin's-disease	situation
holiday	action
holiday	event
holiday	situation
home	artifact
home	container
home	device
hook	artifact
hook	device
hope	emotion
horizontal-bar	artifact
horizontal-bar	device
hormone-replacement-therapy	action
hormone-replacement-therapy	event
hormone-replacement-therapy	situation
hormone-replacement-therapy	work
horn	body-part
horn	part
horn	structure
horn	system
horoscope	information
horse	mammal
horse	structure
horse	system
horse	vertebrate
horseshoe	artifact
horseshoe	device
horseshoe	shield
hostility	emotion
house	artifact
house	container
house	device
house	home
housing	action
housing	event
housing	situation
human	mammal
human	structure
human	system
human	vertebrate
hunter	human
hunter	mammal
hunter	structure
hunter	system
hunter	vertebrate
hyperkalemia	event
hyperkalemia	illness
hyperkalemia	situation
hypnotherapy	action
hypnotherapy	event
hypnotherapy	situation
hypodermic-syringe	artifact
hypodermic-syringe	container
hypodermic-syringe	device
hypoglycemia	event
hypoglycemia	illness
hypoglycemia	situation
hypokalemia	event
hypokalemia	illness
hypokalemia	situation
hyponatremia	event
hyponatremia	illness
hyponatremia	situation
hypothesis	context
hypothesis	information
hysterectomy	action
hysterectomy	event
hysterectomy	situation
hysterectomy	surgery
hysterectomy	work
ice-cream	artifact
ice-cream	dairy-product
idea	information
ideal	information
illness	event
illness	situation
illustration	event
illustration	image
illustration	light
illustration	signal
illustration	situation
immigrant	human
immigrant	mammal
immigrant	structure
immigrant	system
immigrant	vertebrate
immunosuppressant	medicine
imposter	human
imposter	mammal
imposter	structure
imposter	system
imposter	vertebrate
incentive	action
incentive	event
incentive	situation
insect	invertebrate
insect	structure
insect	system
inspiration	emotion
institution	structure
institution	system
insurgent	human
insurgent	mammal
insurgent	structure
insurgent	system
insurgent	vertebrate
intellect	human
intellect	mammal
intellect	structure
intellect	system
intellect	vertebrate
interest	situation
interface	information
internist	adult
internist	doctor
internist	human
internist	mammal
internist	professional
internist	structure
internist	system
internist	vertebrate
internist	worker
intervention	action
intervention	event
intervention	situation
introduction	action
introduction	event
introduction	situation
invertebrate	structure
invertebrate	system
isolation	event
isolation	situation
jacket	artifact
jacket	clothing
jacket	coat
jacket	device
jail-cell	artifact
jail-cell	cavity
jail-cell	container
jail-cell	device
jail-cell	part
jam	artifact
jar	artifact
jar	container
jar	device
jaundice	event
jaundice	illness
jaundice	situation
jaw	body-part
jaw	part
jaw	structure
jaw	system
jelly	artifact
jelly	jam
jersey	artifact
jersey	clothing
jersey	device
jersey	shirt
jockey	athlete
jockey	human
jockey	mammal
jockey	structure
jockey	system
jockey	vertebrate
jockey	worker
journal	information
journal	publication
joy	artifact
judge	adult
judge	human
judge	mammal
judge	professional
judge	structure
judge	system
judge	vertebrate
judge	worker
judgment	information
judgment	norm
jury	structure
jury	system
justification	information
kawasaki-disease	event
kawasaki-disease	illness
kawasaki-disease	situation
kettle	artifact
kettle	container
kettle	device
kettle	pan
kidney	body-part
kidney	part
kidney	structure
kidney	system
kit	artifact
kit	device
kitchen	artifact
kitchen	cavity
kitchen	container
kitchen	device
knee	body-part
knee	part
knee	structure
knee	system
knife	artifact
knife	device
knife	hardware
knife	tool
knot	line
label	artifact
label	image
labor	action
labor	event
labor	situation
labor	work
lace	artifact
lace	device
lace	surface
laceration	cavity
laceration	part
laceration	structure
laceration	system
ladder	artifact
ladder	device
ladder	route
ladder	tool
lake	body-of-water
lamb	mammal
lamb	sheep
lamb	structure
lamb	system
lamb	vertebrate
lamb	virgin
lamp	artifact
lamp	device
land-vehicle	artifact
land-vehicle	device
landlord	human
landlord	mammal
landlord	structure
landlord	system
landlord	vertebrate
lane	artifact
lane	part
lane	route
lane	surface
language	information
lap	body-part
lap	part
lap	structure
lap	system
laser	artifact
laser	device
lassa-fever	event
lassa-fever	illness
lassa-fever	situation
lassa-fever	viral-infection
law	information
law	norm
lawsuit	action
lawsuit	conflict
lawsuit	event
lawsuit	situation
lawyer	adult
lawyer	human
lawyer	mammal
lawyer	professional
lawyer	structure
lawyer	system
lawyer	vertebrate
lawyer	worker
lead	metal
lead	mineral
leaf	part
leaf	structure
leaf	system
learner	human
learner	mammal
learner	structure
learner	system
learner	vertebrate
lease	artifact
lease	image
leash	artifact
leash	cord
leash	line
leash	route
leather	artifact
leather	hide
lecture	information
legend	information
legend	narrative
lesson	action
lesson	event
lesson	situation
lesson	teaching
letter-of-the-alphabet	information
leukemia	event
leukemia	illness
leukemia	situation
license	information
license	norm
license	permission
licensed-practical-nurse	adult
licensed-practical-nurse	human
licensed-practical-nurse	mammal
licensed-practical-nurse	nurse
licensed-practical-nurse	professional
licensed-practical-nurse	structure
licensed-practical-nurse	system
licensed-practical-nurse	vertebrate
licensed-practical-nurse	worker
lid	part
light	event
light	situation
light-bulb	artifact
light-bulb	device
light-bulb	lamp
light-bulb	part
lily	structure
lily	system
limb	body-part
limb	part
limb	structure
limb	system
linen	artifact
linen	device
linen	surface
lion	mammal
lion	structure
lion	system
lion	vertebrate
lip	body-part
lip	part
lip	structure
lip	system
liposuction	action
liposuction	event
liposuction	plastic-surgery
liposuction	situation
liposuction	surgery
liver	body-part
liver	part
liver	structure
liver	system
liver-cancer	event
liver-cancer	illness
liver-cancer	situation
liver-disease	event
liver-disease	illness
liver-disease	situation
livestock	structure
livestock	system
lobby	artifact
lobby	cavity
lobby	container
lobby	device
locomotive	artifact
locomotive	device
locomotive	land-vehicle
looting	action
looting	event
looting	situation
lottery	action
lottery	competition
lottery	conflict
lottery	event
lottery	situation
love	emotion
love	good-will
love	satisfaction
lower-respiratory-infection	event
lower-respiratory-infection	illness
lower-respiratory-infection	respiratory-disease
lower-respiratory-infection	situation
loyalty	emotion
lozenge	artifact
lozenge	medicine
lozenge	pill
lumber	artifact
lunch	meal
lung	body-part
lung	part
lung	structure
lung	system
lung-cancer	event
lung-cancer	illness
lung-cancer	respiratory-disease
lung-cancer	situation
machinery	institution
machinery	structure
machinery	system
maestro	artist
maestro	human
maestro	mammal
maestro	musician
maestro	structure
maestro	system
maestro	vertebrate
maestro	worker
maid	human
maid	mammal
maid	structure
maid	system
maid	vertebrate
maid	worker
mailman	human
mailman	mammal
mailman	structure
mailman	system
mailman	vertebrate
mailman	worker
major-surgery	action
major-surgery	event
major-surgery	situation
major-surgery	surgery
major-surgery	work
makeup	artifact
malaria	event
malaria	illness
malaria	situation
mammal	structure
mammal	system
mammal	vertebrate
man	adult
man	human
man	mammal
man	structure
man	system
man	vertebrate
management	action
management	event
management	situation
manager	adult
manager	human
manager	mammal
manager	structure
manager	system
manager	vertebrate
manager	worker
mannequin	artifact
manual	information
manual	norm
march	time-period
marketing	action
marketing	event
marketing	situation
married-couple	couple
married-couple	pair
marsh	environment
mask	artifact
mask	clothing
mask	device
mastectomy	action
mastectomy	event
mastectomy	situation
mastectomy	surgery
mayor	adult
mayor	executive
mayor	human
mayor	mammal
mayor	politician
mayor	structure
mayor	system
mayor	vertebrate
mayor	worker
maze	puzzle
medical-imaging	action
medical-imaging	event
medical-imaging	situation
meeting	action
meeting	event
meeting	situation
meeting	social-occasion
melanoma	event
melanoma	illness
melanoma	situation
melanoma	skin-cancer
memorial	artifact
memory	context
memory	information
menu	information
methicillin	medicine
methicillin	penicillin
methicillin	prescription-drug
microorganism	structure
microorganism	system
microphone	artifact
microphone	detector
microphone	device
microphone	part
microphone	product
midnight	time-period
midwife	adult
midwife	human
midwife	mammal
midwife	nurse
midwife	professional
midwife	structure
midwife	system
midwife	vertebrate
midwife	worker
military-action	action
military-action	event
military-action	situation
military-operation	action
military-operation	event
military-operation	situation
mine-shaft	artifact
mine-shaft	cavity
mine-shaft	route
mine-shaft	tunnel
miner	human
miner	mammal
miner	structure
miner	system
miner	vertebrate
miner	worker
minister	adult
minister	human
minister	mammal
minister	professional
minister	structure
minister	system
minister	vertebrate
minister	worker
ministry	structure
ministry	system
miracle	situation
mirror	artifact
mirror	device
misery	emotion
misery	grief
misery	sorrow
mistake	action
mistake	event
mistake	situation
model	artifact
model	image
module	information
mold	fungus
mold	structure
mold	system
mole	mammal
mole	structure
mole	system
mole	vertebrate
monarchy	country
monarchy	structure
monarchy	system
monk	human
monk	mammal
monk	structure
monk	system
monk	vertebrate
monk	worker
monkey	mammal
monkey	structure
monkey	system
monkey	vertebrate
mortgage	information
mortgage	norm
mosque	artifact
mosque	container
mosque	device
mosque	temple
mosquito	insect
mosquito	invertebrate
mosquito	structure
mosquito	system
mosquito-bite	part
mosquito-bite	structure
mosquito-bite	system
mother	human
mother	mammal
mother	structure
mother	system
mother	vertebrate
motorcycle	artifact
motorcycle	container
motorcycle	device
motorcycle	land-vehicle
motto	information
mountain	ground
mouse	mammal
mouse	structure
mouse	system
mouse	vertebrate
mouth	body-part
mouth	part
mouth	structure
mouth	system
mug	artifact
mug	container
mug	device
museum	structure
museum	system
mushroom	structure
mushroom	system
music	event
music	signal
music	situation
musical-composition	information
musical-instrument	artifact
musical-instrument	device
musician	artist
musician	human
musician	mammal
musician	structure
musician	system
musician	vertebrate
musician	worker
myth	information
narrative	information
natural-language	information
natural-language	language
natural-law	information
natural-law	norm
nausea	event
nausea	illness
nausea	situation
navy	structure
navy	system
neck	body-part
neck	part
neck	structure
neck	system
necktie	artifact
necktie	clothing
necktie	device
needle	artifact
needle	cylinder
needle	device
needle	shaft
nephrectomy	action
nephrectomy	event
nephrectomy	situation
nerve	body-part
nerve	line
nerve	part
nerve	route
nerve	structure
nerve	system
nest	artifact
net	artifact
net	device
net	filter
network	system
neurologist	adult
neurologist	doctor
neurologist	human
neurologist	mammal
neurologist	professional
neurologist	structure
neurologist	system
neurologist	vertebrate
neurologist	worker
news	information
nightmare	information
nomination	information
nomination	recommendation
norm	information
nose	body-part
nose	detector
nose	part
nose	structure
nose	system
notebook	artifact
notebook	device
noun	information
novel	information
novel	narrative
nuclear-reactor	artifact
nuclear-reactor	device
numbness	event
numbness	situation
numeral	information
nun	adult
nun	human
nun	mammal
nun	structure
nun	system
nun	vertebrate
nun	woman
nun	worker
nurse	adult
nurse	human
nurse	mammal
nurse	professional
nurse	structure
nurse	system
nurse	vertebrate
nurse	worker
nurse-practitioner	adult
nurse-practitioner	human
nurse-practitioner	mammal
nurse-practitioner	nurse
nurse-practitioner	professional
nurse-practitioner	structure
nurse-practitioner	system
nurse-practitioner	vertebrate
nurse-practitioner	worker
nursery	artifact
nursery	cavity
nursery	container
nursery	device
nutshell	part
nutshell	structure
nutshell	system
nystatin	medicine
objection	emotion
observation	remark
observation	statement
obstetrician	adult
obstetrician	doctor
obstetrician	human
obstetrician	mammal
obstetrician	professional
obstetrician	structure
obstetrician	system
obstetrician	vertebrate
obstetrician	worker
occupation	action
occupation	event
occupation	situation
ocean	body-of-water
ocean	sea
office	artifact
office	cavity
office	container
office	device
office	suite
offspring	structure
offspring	system
ointment	artifact
omission	situation
oncologist	adult
oncologist	doctor
oncologist	human
oncologist	mammal
oncologist	professional
oncologist	structure
oncologist	system
oncologist	vertebrate
oncologist	worker
onion	vegetable
operating-system	information
operation	action
operation	event
operation	situation
operation	surgery
ophthalmologist	adult
ophthalmologist	doctor
ophthalmologist	human
ophthalmologist	mammal
ophthalmologist	professional
ophthalmologist	structure
ophthalmologist	system
ophthalmologist	vertebrate
ophthalmologist	worker
opportunistic-infection	event
opportunistic-infection	illness
opportunistic-infection	situation
opportunity	situation
option	contract
option	information
option	norm
orchestra	structure
orchestra	system
orgy	action
orgy	event
orgy	situation
orgy	social-occasion
orthodontist	adult
orthodontist	dentist
orthodontist	human
orthodontist	mammal
orthodontist	professional
orthodontist	structure
orthodontist	system
orthodontist	vertebrate
orthodontist	worker
otoscope	artifact
otoscope	device
otoscope	hardware
otoscope	tool
outline	information
oven	artifact
oven	box
oven	container
oven	device
over-the-counter-drug	medicine
overview	information
owl	bird
owl	structure
owl	system
owl	vertebrate
oxacillin	medicine
oxytocic	medicine
paint	artifact
palace	artifact
palace	container
palace	device
palace	home
palpitation	event
palpitation	situation
palpitation	symptom
pan	artifact
pan	container
pan	device
panic	emotion
parade	action
parade	event
parade	ritual
parade	situation
parade	social-occasion
paradox	information
paragraph	information
paranoia	emotion
pardon	action
pardon	event
pardon	situation
park	artifact
parking	action
parking	event
parking	situation
parking	transport
parliament	structure
parliament	system
partner	human
partner	mammal
partner	peer
partner	structure
partner	system
partner	vertebrate
partnership	structure
partnership	system
passion	emotion
passion	good-will
passion	satisfaction
pasture	countryside
patch	artifact
patch	device
patch	part
patch	piece
patch	surface
patent	information
patent	norm
path	route
pathology	action
pathology	event
pathology	situation
patience	emotion
patient	human
patient	mammal
patient	structure
patient	system
patient	vertebrate
payment	action
payment	event
payment	situation
payment	transaction
peanut	part
peanut	seed
peanut	structure
peanut	system
peasant	human
peasant	mammal
peasant	structure
peasant	system
peasant	vertebrate
peasant	worker
pedestrian	human
pedestrian	mammal
pedestrian	structure
pedestrian	system
pedestrian	vertebrate
peer	human
peer	mammal
peer	structure
peer	system
peer	vertebrate
pencil	artifact
pencil	device
pencil	hardware
pencil	tool
penicillin	medicine
penicillin	prescription-drug
pensioner	human
pensioner	mammal
pensioner	structure
pensioner	system
pensioner	vertebrate
perfume	artifact
perinatologist	adult
perinatologist	doctor
perinatologist	human
perinatologist	mammal
perinatologist	professional
perinatologist	structure
perinatologist	system
perinatologist	vertebrate
perinatologist	worker
periodontist	adult
periodontist	dentist
periodontist	human
periodontist	mammal
periodontist	professional
periodontist	structure
periodontist	system
periodontist	vertebrate
periodontist	worker
permission	information
permission	norm
personal-identification-number	information
pharmacist	adult
pharmacist	human
pharmacist	mammal
pharmacist	professional
pharmacist	structure
pharmacist	system
pharmacist	vertebrate
pharmacist	worker
pharmacy	structure
pharmacy	system
philosopher	adult
philosopher	human
philosopher	intellect
philosopher	mammal
philosopher	professional
philosopher	structure
philosopher	system
philosopher	vertebrate
philosopher	worker
philosophy	information
phone	artifact
phone	device
photographer	adult
photographer	artist
photographer	human
photographer	mammal
photographer	professional
photographer	structure
photographer	system
photographer	vertebrate
photographer	worker
photographic-film	artifact
photographic-film	device
physical-therapy	action
physical-therapy	event
physical-therapy	situation
physical-therapy	work
piano	artifact
piano	device
piano	furniture
piano	musical-instrument
piece	part
pier	artifact
pier	line
pier	route
pig	mammal
pig	structure
pig	system
pig	vertebrate
pigeon	bird
pigeon	structure
pigeon	system
pigeon	vertebrate
pill	artifact
pillow	artifact
pillow	device
piperacillin	medicine
piperacillin	penicillin
piperacillin	prescription-drug
pit	cavity
pit	depression
pit	obstacle
pity	emotion
plan	information
plan	norm
plaster	artifact
plastic	artifact
plastic-surgery	action
plastic-surgery	event
plastic-surgery	situation
plastic-surgery	surgery
player	artifact
player	device
player	product
playing-field	artifact
playpen	artifact
playpen	container
playpen	device
pleasure	emotion
plot	information
plot	norm
plot	plan
pneumonia	event
pneumonia	illness
pneumonia	lower-respiratory-infection
pneumonia	respiratory-disease
pneumonia	situation
pocket	artifact
pocket	container
pocket	device
pocket	part
pocket	surface
poem	information
poetry	information
point	ground
polish	human
polish	mammal
polish	structure
polish	system
polish	vertebrate
political-campaign	action
political-campaign	campaign
political-campaign	event
political-campaign	politics
political-campaign	situation
political-party	structure
political-party	system
politician	adult
politician	human
politician	mammal
politician	structure
politician	system
politician	vertebrate
politician	worker
politics	action
politics	event
politics	situation
pony	horse
pony	mammal
pony	structure
pony	system
pony	vertebrate
pop-music	event
pop-music	music
pop-music	signal
pop-music	situation
porter	human
porter	mammal
porter	structure
porter	system
porter	vertebrate
porter	worker
portrait	event
portrait	image
portrait	light
portrait	signal
portrait	situation
postage	artifact
postage	device
postcard	artifact
postcard	card
postcard	image
prayer	action
prayer	event
prayer	ritual
prayer	situation
preference	action
preference	event
preference	situation
prescription-drug	medicine
present	event
present	illness
present	situation
presentation	action
presentation	event
presentation	situation
prey	structure
prey	system
pride	confidence
pride	emotion
pride	satisfaction
prince	human
prince	mammal
prince	structure
prince	system
prince	vertebrate
princess	human
princess	mammal
princess	structure
princess	system
princess	vertebrate
principle	context
principle	information
print	image
prison	artifact
prison	container
prison	device
prisoner	human
prisoner	mammal
prisoner	structure
prisoner	system
prisoner	vertebrate
privilege	information
privilege	norm
proctologist	adult
proctologist	doctor
proctologist	human
proctologist	mammal
proctologist	professional
proctologist	structure
proctologist	system
proctologist	vertebrate
proctologist	worker
product	artifact
production	event
production	situation
professional	human
professional	mammal
professional	structure
professional	system
professional	vertebrate
professional	worker
professor	adult
professor	human
professor	mammal
professor	structure
professor	system
professor	vertebrate
professor	worker
professorship	situation
profile	information
prognosis	information
projectile	artifact
projectile	device
proof	information
propaganda	information
proposal	information
proposal	norm
proposition	information
psychiatrist	adult
psychiatrist	doctor
psychiatrist	human
psychiatrist	mammal
psychiatrist	professional
psychiatrist	structure
psychiatrist	system
psychiatrist	vertebrate
psychiatrist	worker
psychologist	adult
psychologist	human
psychologist	mammal
psychologist	scientist
psychologist	structure
psychologist	system
psychologist	vertebrate
psychologist	worker
psychotherapy	action
psychotherapy	event
psychotherapy	situation
psychotherapy	work
publisher	adult
publisher	human
publisher	mammal
publisher	professional
publisher	structure
publisher	system
publisher	vertebrate
publisher	worker
pudding	artifact
pupil	body-part
pupil	cavity
pupil	part
pupil	structure
pupil	system
question	information
queue	action
queue	event
queue	situation
quotation	information
rabbit	mammal
rabbit	structure
rabbit	system
rabbit	vertebrate
racetrack	artifact
rack	artifact
rack	device
radiation	event
radiation	situation
radio	artifact
radio	device
radio	product
radio	structure
radio	system
radio-receiver	artifact
radio-receiver	device
radio-receiver	part
radio-receiver	product
radiologist	adult
radiologist	doctor
radiologist	human
radiologist	mammal
radiologist	professional
radiologist	structure
radiologist	system
radiologist	vertebrate
radiologist	worker
rain	event
rain	situation
rain	weather
rainbow	event
rainbow	light
rainbow	situation
rake	artifact
rake	device
rake	hardware
rake	tool
rally	action
rally	event
rally	situation
rally	social-occasion
rat	mammal
rat	structure
rat	system
rat	vertebrate
ratio	number
receipt	artifact
receipt	image
reception	action
reception	event
reception	situation
reception	social-occasion
recess	action
recess	event
recess	situation
recession	action
recession	event
recession	situation
recommendation	information
referee	adult
referee	human
referee	mammal
referee	professional
referee	structure
referee	system
referee	vertebrate
referee	worker
referral	context
referral	information
reflection	event
reflection	image
reflection	light
reflection	signal
reflection	situation
refugee	civilian
refugee	human
refugee	mammal
refugee	structure
refugee	system
refugee	vertebrate
regimen	information
regimen	norm
regimen	plan
registered-nurse	adult
registered-nurse	human
registered-nurse	mammal
registered-nurse	nurse
registered-nurse	professional
registered-nurse	structure
registered-nurse	system
registered-nurse	vertebrate
registered-nurse	worker
registration	action
registration	event
registration	situation
rehabilitation	action
rehabilitation	event
rehabilitation	situation
rehabilitation	work
reign	action
reign	event
reign	situation
religion	information
relish	artifact
reluctance	emotion
remark	statement
remedy	action
remedy	event
remedy	situation
remedy	thinking
renovation	action
renovation	event
renovation	situation
reptile	structure
reptile	system
reptile	vertebrate
republic	structure
republic	system
reputation	context
reputation	information
resection	action
resection	event
resection	situation
reserve	countryside
reserve	environment
reservoir	body-of-water
resident	adult
resident	doctor
resident	human
resident	mammal
resident	professional
resident	structure
resident	system
resident	vertebrate
resident	worker
resolution	information
resolution	norm
respiratory-disease	event
respiratory-disease	illness
respiratory-disease	situation
restless-legs-syndrome	event
restless-legs-syndrome	illness
restless-legs-syndrome	situation
restraint	artifact
restraint	device
retaliation	information
review	article
review	information
revolution	action
revolution	event
revolution	politics
revolution	situation
rhetoric	action
rhetoric	event
rhetoric	human
rhetoric	mammal
rhetoric	situation
rhetoric	structure
rhetoric	system
rhetoric	vertebrate
rhetoric	worker
rheumatism	event
rheumatism	illness
rheumatism	situation
rheumatologist	adult
rheumatologist	doctor
rheumatologist	human
rheumatologist	mammal
rheumatologist	professional
rheumatologist	structure
rheumatologist	system
rheumatologist	vertebrate
rheumatologist	worker
rib	body-part
rib	bone
rib	part
rib	structure
rib	system
rib	tissue
ribbon	artifact
ribbon	clothing
ribbon	device
ribbon	line
ribbon	route
rifle	artifact
rifle	device
rifle	gun
rifle	product
rifle	weapon
rift-valley-fever	event
rift-valley-fever	illness
rift-valley-fever	situation
rift-valley-fever	viral-infection
right-side	side
right-side	surface
ring	artifact
ring	device
ritual	action
ritual	event
ritual	situation
river	body-of-water
river	environment
river	obstacle
river	route
roadway	artifact
roadway	device
roadway	route
roadway	surface
rocket	artifact
rocket	device
rocket	projectile
roof	artifact
roof	part
roof	surface
rope	artifact
rope	device
rope	line
rope	route
routine	action
routine	event
routine	situation
rug	artifact
rug	device
ruler	artifact
ruler	device
rumor	information
rung	artifact
sail	artifact
sail	device
sail	part
sailor	human
sailor	mammal
sailor	structure
sailor	system
sailor	vertebrate
sailor	worker
salad	artifact
salmon	structure
salmon	system
salmon	vertebrate
salvation	action
salvation	event
salvation	situation
salvation	support
sand	ground
sandal	artifact
sandal	clothing
sandal	device
sandal	shoe
satisfaction	emotion
sauce	artifact
sausage	artifact
scabies	event
scabies	illness
scabies	situation
scale-of-measurement	information
scalpel	artifact
scalpel	device
scalpel	hardware
scalpel	knife
scalpel	tool
scar	structure
scar	system
schistosomiasis	event
schistosomiasis	illness
schistosomiasis	situation
schizophrenia	event
schizophrenia	illness
schizophrenia	situation
scholar	human
scholar	mammal
scholar	structure
scholar	system
scholar	vertebrate
scholar	worker
scholarship	information
scholarship	norm
school	institution
school	structure
school	system
scientist	adult
scientist	human
scientist	mammal
scientist	structure
scientist	system
scientist	vertebrate
scientist	worker
scope	artifact
script	information
sculpture	artifact
sculpture	image
sea	body-of-water
seal	mammal
seal	structure
seal	system
seal	vertebrate
second	time-period
secret	artifact
secretary	adult
secretary	human
secretary	mammal
secretary	structure
secretary	system
secretary	vertebrate
secretary	worker
security-system	artifact
security-system	device
security-system	product
sedative	medicine
sediment	ground
sediment	soil
seed	part
seed	structure
seed	system
seminar	action
seminar	event
seminar	situation
seminar	social-occasion
sentence	information
sermon	action
sermon	event
sermon	situation
servant	human
servant	mammal
servant	structure
servant	system
servant	vertebrate
servant	worker
shaft	artifact
shaft	cylinder
shaft	device
shame	emotion
shark	structure
shark	system
shark	vertebrate
sheep	mammal
sheep	structure
sheep	system
sheep	vertebrate
shelf	artifact
shelf	container
shelf	device
shelf	part
shelf	surface
shield	artifact
shield	device
ship	artifact
ship	container
ship	device
ship	watercraft
shirt	artifact
shirt	clothing
shirt	device
shoe	artifact
shoe	clothing
shoe	device
shop	structure
shop	system
shopping	action
shopping	event
shopping	situation
shower	action
shower	event
shower	situation
side	surface
sidewalk	artifact
sidewalk	concrete
sidewalk	route
sight	artifact
sight	device
sight	product
signature	artifact
signature	image
silk	artifact
silk	device
silk	surface
singer	artist
singer	human
singer	mammal
singer	musician
singer	professional
singer	structure
singer	system
singer	vertebrate
singer	worker
sister	human
sister	mammal
sister	structure
sister	system
sister	vertebrate
sketch	image
skin	body-part
skin	detector
skin	part
skin	structure
skin	surface
skin	system
skin-cancer	event
skin-cancer	illness
skin-cancer	situation
skull	body-part
skull	bone
skull	part
skull	structure
skull	system
skull	tissue
slave	human
slave	mammal
slave	structure
slave	system
slave	vertebrate
sleeve	artifact
sleeve	part
sleeve	surface
snake	line
snake	reptile
snake	route
snake	structure
snake	system
snake	vertebrate
soap	artifact
social-club	structure
social-club	system
social-occasion	action
social-occasion	event
social-occasion	situation
social-science	field-of-study
social-science	information
sock	artifact
sock	clothing
sock	device
sodium	metal
sofa	artifact
sofa	device
sofa	furniture
soil	ground
soldier	adult
soldier	human
soldier	mammal
soldier	professional
soldier	structure
soldier	system
soldier	vertebrate
soldier	warrior
soldier	worker
soprano	artist
soprano	human
soprano	mammal
soprano	musician
soprano	professional
soprano	singer
soprano	structure
soprano	system
soprano	vertebrate
soprano	worker
sorrow	emotion
soup	artifact
soup	course
spacecraft	artifact
spacecraft	device
speculum	artifact
speculum	device
speculum	hardware
speculum	tool
spider	arachnid
spider	invertebrate
spider	structure
spider	system
spinach	vegetable
spinal-column	body-part
spinal-column	part
spinal-column	structure
spinal-column	system
spinal-column	tissue
splenectomy	action
splenectomy	event
splenectomy	situation
splenectomy	surgery
split	event
split	situation
spokesperson	human
spokesperson	mammal
spokesperson	structure
spokesperson	system
spokesperson	vertebrate
spokesperson	worker
spoon	artifact
spoon	container
spoon	device
spoon	hardware
spoon	tool
sport	information
sprain	action
sprain	event
sprain	situation
spray	artifact
squad	structure
squad	system
stadium	artifact
stadium	container
stadium	device
staff	structure
staff	system
stairway	artifact
stairway	route
stake	artifact
stake	cylinder
stake	device
stake	shaft
stalk	part
stalk	structure
stalk	system
state	structure
state	system
statue	artifact
statue	image
statue	sculpture
steak	artifact
steak	meat
step	artifact
stethoscope	artifact
stethoscope	device
stitch	artifact
stitch	device
stitch	line
stitch	route
stomach	body-part
stomach	container
stomach	part
stomach	structure
stomach	system
stool	artifact
stool	device
stool	furniture
strand	line
strand	route
strap	artifact
strap	device
strap	part
strawberry	body-part
strawberry	part
strawberry	structure
strawberry	system
stream	information
street	artifact
street	device
street	roadway
street	route
street	surface
streetcar	artifact
streetcar	device
strip	artifact
strip	lumber
stroke	event
stroke	illness
stroke	situation
structure	system
studio	artifact
studio	cavity
studio	container
studio	device
studio	suite
study	artifact
study	cavity
study	container
study	device
success	action
success	event
success	situation
sucralfate	medicine
suicide	action
suicide	ending
suicide	event
suicide	illness
suicide	situation
suite	artifact
suite	cavity
suite	container
suite	device
sulfur	mineral
summary	information
summer-camp	structure
summer-camp	system
sunburn	event
sunburn	situation
sunlight	event
sunlight	light
sunlight	situation
sunrise	event
sunrise	situation
supervisor	human
supervisor	mammal
supervisor	structure
supervisor	system
supervisor	vertebrate
supervisor	worker
supply	artifact
support	action
support	event
support	situation
surgeon	adult
surgeon	doctor
surgeon	human
surgeon	mammal
surgeon	professional
surgeon	structure
surgeon	system
surgeon	vertebrate
surgeon	worker
surgeon-general	adult
surgeon-general	human
surgeon-general	mammal
surgeon-general	structure
surgeon-general	system
surgeon-general	vertebrate
surgeon-general	worker
surgery	action
surgery	event
surgery	situation
surprise	emotion
surrender	action
surrender	event
surrender	situation
survivor	structure
survivor	system
sweater	artifact
sweater	clothing
sweater	device
swing	artifact
swing	device
sword	artifact
sword	device
sword	product
sword	weapon
sympathy	emotion
syndrome	disease
tan	human
tan	mammal
tan	structure
tan	system
tan	vertebrate
tank	artifact
tank	device
tank	land-vehicle
tank	product
tank	structure
tank	system
tape	artifact
tape	device
tape	line
tape	route
tape-recording	action
tape-recording	event
tape-recording	situation
target	artifact
target	device
taste	cognition
taste	event
taste	situation
tax-return	artifact
tax-return	image
tea	artifact
tea	medicine
teaching	action
teaching	event
teaching	situation
team	structure
team	system
temper	event
temper	situation
temple	artifact
temple	container
temple	device
tent	artifact
tent	container
tent	device
territory	structure
territory	system
terrorist	criminal
terrorist	human
terrorist	mammal
terrorist	structure
terrorist	system
terrorist	vertebrate
terrorist	worker
tetanus	bacterium
tetanus	microorganism
tetanus	structure
tetanus	system
tetralogy-of-fallot	event
tetralogy-of-fallot	illness
tetralogy-of-fallot	situation
textbook	information
textbook	publication
thigh	body-part
thigh	part
thigh	structure
thigh	system
thinking	event
thinking	situation
throat	body-part
throat	part
throat	structure
throat	system
thrombolytic-therapy	action
thrombolytic-therapy	event
thrombolytic-therapy	situation
throne	artifact
throne	chair
throne	device
throne	furniture
thumb	body-part
thumb	finger
thumb	part
thumb	structure
thumb	system
ticket	artifact
ticket	device
ticket	image
tide	artifact
tiger	mammal
tiger	structure
tiger	system
tiger	vertebrate
tin	metal
tincture	solution
tinnitus	event
tinnitus	illness
tinnitus	situation
tire	artifact
tire	device
tire	part
tissue	part
tissue	structure
tissue	system
toast	bread
tobramycin	medicine
toe	body-part
toe	part
toe	structure
toe	system
token	artifact
token	image
tonsillectomy	action
tonsillectomy	event
tonsillectomy	situation
tonsillectomy	surgery
tonsillectomy	work
tool	artifact
tool	device
tooth	body-part
tooth	part
tooth	structure
tooth	system
torch	artifact
torch	device
torso	body-part
torso	part
torso	structure
torso	system
touch	action
touch	event
touch	situation
tourism	action
tourism	event
tourism	situation
tourist	consumer
tourist	human
tourist	mammal
tourist	structure
tourist	system
tourist	vertebrate
tournament	action
tournament	competition
tournament	conflict
tournament	event
tournament	situation
towel	artifact
towel	device
tower	artifact
tracheostomy	action
tracheostomy	event
tracheostomy	situation
tract	information
tract	publication
trader	adult
trader	human
trader	mammal
trader	professional
trader	structure
trader	system
trader	vertebrate
trader	worker
traffic	action
traffic	event
traffic	situation
tragedy	information
trail	artifact
trail	route
train-ticket	artifact
train-ticket	device
train-ticket	image
train-ticket	ticket
trainer	human
trainer	mammal
trainer	structure
trainer	system
trainer	vertebrate
trainer	worker
transaction	action
transaction	event
transaction	situation
transmission	artifact
transmission	device
transmission	part
transmission	product
transplant	action
transplant	event
transplant	situation
transport	action
transport	event
transport	situation
transportation	institution
transportation	structure
transportation	system
trap	artifact
trap	device
tray	artifact
tray	container
tray	device
treasure	prize
treasurer	adult
treasurer	human
treasurer	mammal
treasurer	structure
treasurer	system
treasurer	vertebrate
treasurer	worker
treatment	action
treatment	event
treatment	management
treatment	situation
treaty	information
treaty	norm
tree	obstacle
tree	structure
tree	system
trial	action
trial	conflict
trial	event
trial	situation
triangle	surface
tribunal	structure
tribunal	system
trophy	artifact
trophy	device
trouble	action
trouble	event
trouble	situation
truck	artifact
truck	container
truck	device
truck	land-vehicle
trust	structure
trust	system
tub	artifact
tub	container
tub	device
tumor	part
tumor	structure
tumor	system
tumor	tissue
tune	information
tune	musical-composition
tunnel	artifact
tunnel	cavity
tunnel	route
turkey	bird
turkey	structure
turkey	system
turkey	vertebrate
ulcer	part
ulcer	structure
ulcer	system
umbrella	artifact
umbrella	device
uncertainty	emotion
unemployment	situation
uniform	artifact
uniform	clothing
uniform	device
university	academy
university	institution
university	school
university	structure
university	system
upper-respiratory-infection	event
upper-respiratory-infection	illness
upper-respiratory-infection	respiratory-disease
upper-respiratory-infection	situation
urinalysis	action
urinalysis	event
urinalysis	situation
urine	solution
urologist	adult
urologist	doctor
urologist	human
urologist	mammal
urologist	professional
urologist	structure
urologist	system
urologist	vertebrate
urologist	worker
vacation	action
vacation	event
vacation	situation
valley	cavity
valley	depression
van	artifact
van	car
van	container
van	device
van	land-vehicle
vancomycin	medicine
vegetable-oil	oil
vein	body-part
vein	container
vein	line
vein	part
vein	route
vein	structure
vein	system
velvet	artifact
velvet	device
velvet	surface
vertebrate	structure
vertebrate	system
veteran	adult
veteran	human
veteran	mammal
veteran	structure
veteran	system
veteran	vertebrate
veterinarian	adult
veterinarian	human
veterinarian	mammal
veterinarian	professional
veterinarian	structure
veterinarian	system
veterinarian	vertebrate
veterinarian	worker
victim	human
victim	mammal
victim	structure
victim	system
victim	vertebrate
victory	event
victory	situation
villa	artifact
villa	container
villa	device
villa	home
village	city
village	structure
village	system
villager	human
villager	mammal
villager	structure
villager	system
villager	vertebrate
villager	worker
violation	situation
viral-infection	event
viral-infection	illness
viral-infection	situation
viral-pneumonia	event
viral-pneumonia	illness
viral-pneumonia	lower-respiratory-infection
viral-pneumonia	pneumonia
viral-pneumonia	respiratory-disease
viral-pneumonia	situation
viral-pneumonia	viral-infection
virgin	structure
virgin	system
virtue	information
virtue	norm
virus	microorganism
virus	structure
virus	system
visit	action
visit	event
visit	situation
visitor	human
visitor	mammal
visitor	structure
visitor	system
visitor	vertebrate
void	information
volcano	ground
volunteer	human
volunteer	mammal
volunteer	structure
volunteer	system
volunteer	vertebrate
vote	action
vote	consensus
vote	event
vote	situation
voter	adult
voter	human
voter	mammal
voter	structure
voter	system
voter	vertebrate
wagon	artifact
wagon	container
wagon	device
waist	body-part
waist	part
waist	structure
waist	system
waiter	human
waiter	mammal
waiter	structure
waiter	system
waiter	vertebrate
waiter	worker
wake	action
wake	event
wake	reception
wake	situation
wake	social-occasion
war	action
war	conflict
war	event
war	fight
war	situation
warrior	adult
warrior	human
warrior	mammal
warrior	professional
warrior	structure
warrior	system
warrior	vertebrate
warrior	worker
washbasin	artifact
washbasin	cavity
washbasin	container
washbasin	device
watch	artifact
watch	clock
watch	device
water-faucet	artifact
water-faucet	container
water-faucet	device
water-faucet	route
watercraft	artifact
watercraft	container
watercraft	device
waterfall	body-of-water
waterfall	route
weapon	artifact
weather	event
weather	situation
web-site	information
wedding	action
wedding	event
wedding	situation
wedding	social-occasion
week	time-period
weekend	time-period
well	artifact
well	device
well	route
whale	mammal
whale	structure
whale	system
whale	vertebrate
wheel	artifact
wheel	device
wheel	part
whip	artifact
whip	device
whiplash	event
whiplash	situation
will	artifact
will	image
williams-syndrome	event
williams-syndrome	illness
williams-syndrome	situation
wine	artifact
wire	artifact
wire	device
wire	line
wire	route
withdrawal	action
withdrawal	event
withdrawal	situation
withdrawal	transaction
wolf	mammal
wolf	structure
wolf	system
wolf	vertebrate
woman	adult
woman	human
woman	mammal
woman	structure
woman	system
woman	vertebrate
work	action
work	event
work	situation
workbench	artifact
workbench	furniture
worker	human
worker	mammal
worker	structure
worker	system
worker	vertebrate
workshop	action
workshop	conference
workshop	event
workshop	meeting
workshop	situation
workshop	social-occasion
world-power	country
world-power	structure
world-power	system
wound	part
wound	structure
wound	system
wrist	body-part
wrist	part
wrist	structure
wrist	system
yacht	artifact
yacht	boat
yacht	container
yacht	device
yacht	watercraft
year	time-period
