# name	source	id
geography	wikidata	Q1071
physical-geography	wikidata	Q52107
geodesy	wikidata	Q131089
cartography	wikidata	Q42515
geomatics	wikidata	Q619798
geographic-information-system	wikidata	Q483130
geographic-coordinate-system	wikidata	Q22664
coordinate-system	wikidata	Q11210
spherical-coordinate-system	wikidata	Q203218
geodetic-datum	wikidata	Q1502887
world-geodetic-system	wikidata	Q215848
wgs-84	wikidata	Q11902211
geoid	wikidata	Q185969
reference-ellipsoid	wikidata	Q1203807
earth-centered-earth-fixed	wikidata	Q743590
latitude	wikidata	Q34027
longitude	wikidata	Q36477
north-pole	wikidata	Q934
south-pole	wikidata	Q933
equator	wikidata	Q23538
prime-meridian	wikidata	Q3401774
iers-reference-meridian	wikidata	Q3333287
meridian	wikidata	Q32099
circle-of-latitude	wikidata	Q146591
tropic-of-cancer	wikidata	Q176635
tropic-of-capricorn	wikidata	Q177440
arctic-circle	wikidata	Q176609
antarctic-circle	wikidata	Q182657
northern-hemisphere	wikidata	Q39061
southern-hemisphere	wikidata	Q41228
eastern-hemisphere	wikidata	Q186198
western-hemisphere	wikidata	Q181982
antipodes	wikidata	Q319909
great-circle	wikidata	Q146657
great-circle-distance	wikidata	Q912925
rhumb-line	wikidata	Q215169
haversine-formula	wikidata	Q587172
vincenty-formulae	wikidata	Q3077670
navigational-bearing	wikidata	Q1273815
compass-rose	wikidata	Q640047
cardinal-compass-point	wikidata	Q23718
map-projection	wikidata	Q186386
mercator-projection	wikidata	Q309372
transverse-mercator-projection	wikidata	Q1329238
military-grid-reference-system	wikidata	Q1922471
lambert-conformal-conic-projection	wikidata	Q541151
albers-projection	wikidata	Q1587118
azimuthal-equidistant-projection	wikidata	Q1753196
equirectangular-projection	wikidata	Q1326965
robinson-projection	wikidata	Q963903
winkel-tripel-projection	wikidata	Q861364
gnomonic-projection	wikidata	Q246599
stereographic-projection	wikidata	Q866099
gall-peters-projection	wikidata	Q27123
mollweide-projection	wikidata	Q1141440
sinusoidal-projection	wikidata	Q773174
conformal-projection	wikidata	Q1522071
equidistant-projection	wikidata	Q56189701
azimuthal-projection	wikidata	Q11504341
conic-projection	wikidata	Q2528130
cylindrical-projection	wikidata	Q2077983
open-location-code	wikidata	Q23582265
geocode	wikidata	Q36214810
geocoding	wikidata	Q1346408
reverse-geocoding	wikidata	Q3123248
satellite-navigation	wikidata	Q179435
global-positioning-system	wikidata	Q18822
glonass	wikidata	Q486250
galileo-navigation-system	wikidata	Q193902
beidou	wikidata	Q857141
gps-receiver	wikidata	Q1486497
trilateration	wikidata	Q1146298
differential-gps	wikidata	Q779225
dead-reckoning	wikidata	Q152255
inertial-navigation-system	wikidata	Q570607
navigation	wikidata	Q102066
celestial-navigation	wikidata	Q1063512
coastal-piloting	wikidata	Q1443672
topographic-map	wikidata	Q216526
nautical-chart	wikidata	Q728502
aeronautical-chart	wikidata	Q1875628
thematic-map	wikidata	Q1502030
choropleth-map	wikidata	Q261468
contour-line	wikidata	Q193311
isoline	wikidata	Q6653802
map-scale	wikidata	Q193642
map-legend	wikidata	Q1200435
gazetteer	wikidata	Q1006160
atlas	wikidata	Q162827
terrestrial-globe	wikidata	Q133792
digital-elevation-model	wikidata	Q640492
remote-sensing	wikidata	Q199687
lidar	wikidata	Q504027
photogrammetry	wikidata	Q190149
aerial-photography	wikidata	Q191839
satellite-imagery	wikidata	Q725252
orthophoto	wikidata	Q922585
shapefile	wikidata	Q278934
geotiff	wikidata	Q1502796
spatial-reference-system	wikidata	Q161779
epsg-geodetic-parameter-dataset	wikidata	Q69567457
time-zone	wikidata	Q12143
coordinated-universal-time	wikidata	Q1536
international-date-line	wikidata	Q131389
solar-time	wikidata	Q192854
sidereal-time	wikidata	Q191747
local-mean-time	wikidata	Q219919
daylight-saving-time	wikidata	Q36669
planet-earth	wikidata	Q2
earth-rotation	wikidata	Q244743
axial-tilt	wikidata	Q179745
earth-orbit	wikidata	Q1348808
tropical-year	wikidata	Q189607
sidereal-day	wikidata	Q1778552
equinox	wikidata	Q1315
solstice	wikidata	Q123524
earth-structure	wikidata	Q1664027
earth-crust	wikidata	Q15316
earth-mantle	wikidata	Q101949
earth-outer-core	wikidata	Q857867
lithosphere	wikidata	Q83296
asthenosphere	wikidata	Q166257
hydrosphere	wikidata	Q83169
earth-atmosphere	wikidata	Q3230
biosphere	wikidata	Q42762
cryosphere	wikidata	Q493109
pedosphere	wikidata	Q941094
geosphere	wikidata	Q241284
troposphere	wikidata	Q40631
stratosphere	wikidata	Q108376
mesosphere	wikidata	Q162167
thermosphere	wikidata	Q178043
exosphere	wikidata	Q170332
ionosphere	wikidata	Q162219
ozone-layer	wikidata	Q79995
magnetosphere	wikidata	Q6915
earth-magnetic-field	wikidata	Q6500960
geomagnetic-pole	wikidata	Q348567
magnetic-declination	wikidata	Q243289
plate-tectonics	wikidata	Q7950
tectonic-plate	wikidata	Q215680
plate-boundary	wikidata	Q12859380
divergent-boundary	wikidata	Q3150308
convergent-boundary	wikidata	Q1255282
transform-fault	wikidata	Q664573
subduction	wikidata	Q176318
mid-ocean-ridge	wikidata	Q104698
continental-drift	wikidata	Q178605
supercontinent	wikidata	Q55833
orogeny	wikidata	Q184554
geological-fault	wikidata	Q47089
earthquake	wikidata	Q7944
seismic-wave	wikidata	Q186167
epicenter	wikidata	Q106032
hypocenter	wikidata	Q107410
richter-magnitude-scale	wikidata	Q38768
moment-magnitude-scale	wikidata	Q201605
seismometer	wikidata	Q160567
volcano	wikidata	Q8072
volcanism	wikidata	Q505748
magma	wikidata	Q42278
lava	wikidata	Q40157
igneous-rock	wikidata	Q42045
sedimentary-rock	wikidata	Q82480
metamorphic-rock	wikidata	Q47069
rock-cycle	wikidata	Q1164398
weathering	wikidata	Q179177
geological-erosion	wikidata	Q80026
sediment	wikidata	Q180184
sedimentation	wikidata	Q635485
stratigraphy	wikidata	Q134783
stratum	wikidata	Q12758989
geologic-time-scale	wikidata	Q43521
eon	wikidata	Q108256
geological-era	wikidata	Q630830
epoch	wikidata	Q754897
phanerozoic	wikidata	Q101313
proterozoic	wikidata	Q104162
archean	wikidata	Q104168
hadean	wikidata	Q104460
paleozoic	wikidata	Q75507
mesozoic	wikidata	Q83222
cenozoic	wikidata	Q102416
cambrian	wikidata	Q79064
ordovician	wikidata	Q62100
silurian	wikidata	Q62412
devonian	wikidata	Q65955
carboniferous	wikidata	Q133738
permian	wikidata	Q76402
triassic	wikidata	Q47158
jurassic	wikidata	Q45805
cretaceous	wikidata	Q44626
paleogene	wikidata	Q55810
neogene	wikidata	Q103924
quaternary	wikidata	Q26185
pleistocene	wikidata	Q25546
holocene	wikidata	Q4139
fossil	wikidata	Q40614
paleontology	wikidata	Q7205
landform	wikidata	Q271669
mountain	wikidata	Q8502
hill	wikidata	Q54050
plateau	wikidata	Q75520
plain	wikidata	Q160091
valley	wikidata	Q39816
canyon	wikidata	Q150784
natural-basin	wikidata	Q813672
island	wikidata	Q23442
archipelago	wikidata	Q33837
peninsula	wikidata	Q34763
isthmus	wikidata	Q93267
cape	wikidata	Q185113
continent	wikidata	Q5107
continental-shelf	wikidata	Q134851
coast	wikidata	Q93352
beach	wikidata	Q40080
dune	wikidata	Q25391
cliff	wikidata	Q107679
fjord	wikidata	Q45776
estuary	wikidata	Q47053
river	wikidata	Q4022
tributary	wikidata	Q159675
river-mouth	wikidata	Q1233637
river-source	wikidata	Q7376362
drainage-basin	wikidata	Q166620
floodplain	wikidata	Q193110
meander	wikidata	Q180537
waterfall	wikidata	Q34038
rapids	wikidata	Q695793
lake	wikidata	Q23397
reservoir	wikidata	Q131681
pond	wikidata	Q3253281
wetland	wikidata	Q170321
swamp	wikidata	Q166735
marsh	wikidata	Q30198
bog	wikidata	Q1681353
glacier	wikidata	Q35666
ice-sheet	wikidata	Q12599
ice-cap	wikidata	Q878077
ice-shelf	wikidata	Q46966
iceberg	wikidata	Q47568
sea-ice	wikidata	Q213926
permafrost	wikidata	Q179918
desert	wikidata	Q8514
oasis	wikidata	Q43742
cave	wikidata	Q35509
karst	wikidata	Q16817
sinkhole	wikidata	Q188734
aquifer	wikidata	Q208791
groundwater	wikidata	Q161598
natural-spring	wikidata	Q124714
geyser	wikidata	Q83471
hot-spring	wikidata	Q177380
water-cycle	wikidata	Q81041
precipitation	wikidata	Q25257
ocean	wikidata	Q9430
sea	wikidata	Q165
gulf	wikidata	Q1322134
bay	wikidata	Q39594
strait	wikidata	Q37901
lagoon	wikidata	Q187223
reef	wikidata	Q184358
coral-reef	wikidata	Q11292
atoll	wikidata	Q42523
ocean-current	wikidata	Q129558
ocean-gyre	wikidata	Q1250263
tide	wikidata	Q23384
tidal-range	wikidata	Q1398201
tsunami	wikidata	Q8070
sea-level	wikidata	Q125465
ocean-floor	wikidata	Q468469
abyssal-plain	wikidata	Q570554
oceanic-trench	wikidata	Q119253
seamount	wikidata	Q503269
pelagic-zone	wikidata	Q191468
thermohaline-circulation	wikidata	Q463223
pacific-ocean	wikidata	Q98
atlantic-ocean	wikidata	Q97
indian-ocean	wikidata	Q1239
arctic-ocean	wikidata	Q788
southern-ocean	wikidata	Q7354
africa	wikidata	Q15
antarctica	wikidata	Q51
asia	wikidata	Q48
europe	wikidata	Q46
north-america	wikidata	Q49
south-america	wikidata	Q18
australian-continent	wikidata	Q3960
oceania	wikidata	Q538
eurasia	wikidata	Q5401
afro-eurasia	wikidata	Q27527
americas	wikidata	Q828
sahara	wikidata	Q6583
mount-everest	wikidata	Q513
amazon-river	wikidata	Q3783
nile	wikidata	Q3392
himalayas	wikidata	Q5451
andes	wikidata	Q5456
alps	wikidata	Q1286
great-barrier-reef	wikidata	Q7343
mariana-trench	wikidata	Q510
dead-sea	wikidata	Q23883
lake-baikal	wikidata	Q5513
greenland	wikidata	Q223
gobi-desert	wikidata	Q42070
antarctic-ice-sheet	wikidata	Q571430
greenland-ice-sheet	wikidata	Q1542432
gulf-stream	wikidata	Q130905
weather	wikidata	Q11663
climate	wikidata	Q7937
climate-classification	wikidata	Q267474
koppen-climate-classification	wikidata	Q124095
tropical-climate	wikidata	Q135712
arid-climate	wikidata	Q190946
temperate-climate	wikidata	Q167466
continental-climate	wikidata	Q185005
polar-climate	wikidata	Q193372
climatic-zone	wikidata	Q1639168
tropics	wikidata	Q42530
biome	wikidata	Q101998
tundra	wikidata	Q43262
taiga	wikidata	Q69564
tropical-rainforest	wikidata	Q199403
grassland	wikidata	Q1006733
savanna	wikidata	Q42320
steppe	wikidata	Q123991
ecoregion	wikidata	Q295469
atmospheric-science	wikidata	Q25261
climatology	wikidata	Q52139
humidity	wikidata	Q180600
dew-point	wikidata	Q178828
beaufort-scale	wikidata	Q170464
prevailing-wind	wikidata	Q1330018
trade-wind	wikidata	Q160603
westerlies	wikidata	Q12343832
jet-stream	wikidata	Q202325
cyclone	wikidata	Q79602
anticyclone	wikidata	Q177414
tropical-cyclone	wikidata	Q8092
hurricane	wikidata	Q34439356
typhoon	wikidata	Q140588
tornado	wikidata	Q8081
thunderstorm	wikidata	Q2857578
lightning	wikidata	Q33741
thunder	wikidata	Q83301
weather-front	wikidata	Q189796
cold-front	wikidata	Q210316
warm-front	wikidata	Q537536
air-mass	wikidata	Q216823
cloud	wikidata	Q8074
cumulus	wikidata	Q14189
stratus	wikidata	Q40526
cirrus	wikidata	Q185638
cumulonimbus	wikidata	Q182311
nimbostratus	wikidata	Q202278
fog	wikidata	Q37477
mist	wikidata	Q192196
rain	wikidata	Q7925
snow	wikidata	Q7561
hail	wikidata	Q37602
sleet	wikidata	Q852799
drizzle	wikidata	Q211521
freezing-rain	wikidata	Q11120024
dew	wikidata	Q41097
freezing-weather	wikidata	Q1135221
rainbow	wikidata	Q1052
aurora	wikidata	Q40609
la-nina	wikidata	Q642867
weather-forecasting	wikidata	Q182868
weather-station	wikidata	Q190107
barometer	wikidata	Q79757
hygrometer	wikidata	Q183173
anemometer	wikidata	Q175029
rain-gauge	wikidata	Q190052
weather-radar	wikidata	Q863343
weather-satellite	wikidata	Q209363
weather-balloon	wikidata	Q1128180
oceanography	wikidata	Q43518
hydrology	wikidata	Q42250
glaciology	wikidata	Q52120
geomorphology	wikidata	Q52109
seismology	wikidata	Q83371
volcanology	wikidata	Q102904
geophysics	wikidata	Q46255
geochemistry	wikidata	Q161764
pedology	wikidata	Q215501
soil	wikidata	Q36133
soil-horizon	wikidata	Q878214
topsoil	wikidata	Q1247456
humus	wikidata	Q172645
sand	wikidata	Q34679
silt	wikidata	Q270699
loam	wikidata	Q1131303
gravel	wikidata	Q133833
surveying	wikidata	Q816425
theodolite	wikidata	Q181517
total-station	wikidata	Q641296
levelling	wikidata	Q961466
survey-benchmark	wikidata	Q1161707
triangulation	wikidata	Q188056
geodetic-network	wikidata	Q4175911
altimeter	wikidata	Q216197
gyrocompass	wikidata	Q921229
sextant	wikidata	Q179430
marine-chronometer	wikidata	Q193150
astrolabe	wikidata	Q164992
odometer	wikidata	Q745105
pedometer	wikidata	Q648434
sonar	wikidata	Q133220
echo-sounding	wikidata	Q1164536
bathymetry	wikidata	Q810826
radar	wikidata	Q47528
lighthouse	wikidata	Q39715
buoy	wikidata	Q30026
decimal-degrees	wikidata	Q1798227
flood	wikidata	Q8068
utm-coordinate-system	wikidata	Q588975
web-mercator-projection	wikidata	Q18155718
orthographic-projection	wikidata	Q1753242
equal-area-projection	wikidata	Q761699
geohash	wikidata	Q3101207
earth-inner-core	wikidata	Q394352
river-delta	wikidata	Q43197
landslide	wikidata	Q167903
avalanche	wikidata	Q7935
dust-storm	wikidata	Q182878
heat-wave	wikidata	Q215864
cold-wave	wikidata	Q642683
ice-age	wikidata	Q49367
glaciation	wikidata	Q891130
glacial-period	wikidata	Q602963
interglacial	wikidata	Q487294
sea-breeze	wikidata	Q81242
terrain	wikidata	Q186131
topography	wikidata	Q134435
geographical-feature	wikidata	Q618123
hydrography	wikidata	Q182468
limnology	wikidata	Q165838
isobar	wikidata	Q431672
isotherm	wikidata	Q7421486
polar-vortex	wikidata	Q1197111
greenhouse-effect	wikidata	Q41560
insolation	wikidata	Q216973
coriolis-force	wikidata	Q169973
atmospheric-circulation	wikidata	Q2615451
hadley-cell	wikidata	Q338589
upwelling	wikidata	Q215915
storm-surge	wikidata	Q121742
rip-current	wikidata	Q898375
wave-height	wikidata	Q821563
ocean-swell	wikidata	Q185411
seiche	wikidata	Q221076
tidal-bore	wikidata	Q733109
spring-tide	wikidata	Q511571
neap-tide	wikidata	Q1940706
high-tide	wikidata	Q30017
low-tide	wikidata	Q20631630
tide-gauge	wikidata	Q686697
tide-table	wikidata	Q1521177
julian-day	wikidata	Q14267
gregorian-calendar	wikidata	Q12138
leap-year	wikidata	Q19828
leap-second	wikidata	Q194230
international-atomic-time	wikidata	Q119395
gps-time	wikidata	Q1486532
unix-time	wikidata	Q14654
time-standard	wikidata	Q6313217
lunar-calendar	wikidata	Q185688
solar-calendar	wikidata	Q210953
lunisolar-calendar	wikidata	Q194235
gnss-augmentation	wikidata	Q2165162
wide-area-augmentation-system	wikidata	Q568944
satellite-geodesy	wikidata	Q1928951
gravimetry	wikidata	Q499964
gravity-anomaly	wikidata	Q1413914
geopotential	wikidata	Q1423347
orthometric-height	wikidata	Q3495324
height-above-mean-sea-level	wikidata	Q6452016
vertical-datum	wikidata	Q9364781
north-american-datum	wikidata	Q993433
etrs89	wikidata	Q1378197
international-terrestrial-reference-system	wikidata	Q74561
cartogram	wikidata	Q1152543
relief-map	wikidata	Q2940514
bathymetric-chart	wikidata	Q2915844
star-chart	wikidata	Q842617
scale-bar	wikidata	Q1914828
intercardinal-direction	wikidata	Q10351538
waypoint	wikidata	Q138081
travel-route	wikidata	Q1322323
travel-distance	wikidata	Q132646548
earth-radius	wikidata	Q1155470
figure-of-the-earth	wikidata	Q437882
oblate-spheroid	wikidata	Q3241540
national-mapping-agency	wikidata	Q6979629
geographic-data	wikidata	Q350758
geospatial-analysis	wikidata	Q2901148
spatial-database	wikidata	Q2302053
web-map	wikidata	Q6765455
geotagging	wikidata	Q852595
location-based-service	wikidata	Q1198122
turn-by-turn-navigation	wikidata	Q7855620
point-of-interest	wikidata	Q960648
postal-address	wikidata	Q319608
postal-code	wikidata	Q37447
place-name	wikidata	Q7884789
toponymy	wikidata	Q485762
exonym	wikidata	Q81639
endonym	wikidata	Q1266782
geonames	wikidata	Q830106
getty-thesaurus-of-geographic-names	wikidata	Q1520117
ledge	wikidata	-
torrent	wikidata	-
whirlpool	wikidata	-
sandbank	wikidata	-
alp	wikidata	-
bluff	wikidata	-
precipice	wikidata	-
streambed	wikidata	-
lake-bed	wikidata	-
monsoon-season	wikidata	-
monsoon-wind	wikidata	-
cyclonic-storm	wikidata	-
liman	wikidata	-
waterbody-bed	wikidata	-
rock-material	wordnet	14696793
compass-point	wordnet	13830305
ocean-swell	wordnet	-
