# label	senses (offset: gloss) — pick one into align/gpt-picks.tsv as `label<TAB>offset` (or `-` to skip)
chaise	03002555: a carriage consisting of two wheels and a calash top	03002711: a long chair
chip	03020034: electronic equipment consisting of a small crystal of a silicon semiconductor fabricated t	03020416: a small disk-shaped counter used to represent money when gambling	03020563: a triangular wooden float attached to the end of a log line
cream	03128519: toiletry consisting of any of various substances in the form of a thick liquid that have a	07847198: the part of milk containing the butterfat
fin	03340581: a stabilizer on a ship that resembles the fin of a fish	03364156: a shoe for swimming	03692676: one of a set of parallel slats in a door or window to admit air and reject rain	04384406: one of a pair of decorations projecting above the rear fenders of an automobile
fork	03383948: cutlery used for serving and eating food	03384167: an agricultural tool used for lifting or digging
instrument	03574816: a device that requires skill for proper use	03800933: any of various devices or contrivances that can be used to produce musical tones or sounds
light	03665366: any device serving as a source of illumination	03666591: a device for lighting or igniting fuel or charges or fires
material	03309808: artifact made by weaving or felting or knitting or crocheting natural or synthetic fibers	03729951: things needed for doing or making something
milk	05399034: produced by mammary glands of female mammals for feeding their young	07844042: a white nutritious liquid secreted by mammals and used as food by human beings	07844604: any of several nutritive milklike liquids
