accordion	musical-instrument
activewear	clothing
air-conditioner	household-appliance
aircraft	vehicle
alarm-clock	clock
alarm-clock	decor
ammonia	chemical
animal	repellent
apple	fruit
apricot	fruit
armoire	furniture
art	furniture
art	office-furniture
artichoke	vegetable
asparagus	vegetable
avocado	fruit
baking-chocolate	ingredient
baking-soda	ingredient
ballcock	plumbing
banana	fruit
band-saw	saw
baritone-horn	brass-instrument
baritone-horn	musical-instrument
basket	decor
bass-drum	musical-instrument
bassinet	furniture
bassoon	musical-instrument
bassoon	woodwind
bath-towel	towel
bathtub	plumbing
batter	ingredient
beach-towel	towel
bean	vegetable
bed	furniture
beet	vegetable
berry	fruit
bidet	plumbing
bird	decor
bird-feeder	decor
birdhouse	decor
blanket	bedding
blender	kitchen-appliance
body	makeup
boiler	household-appliance
bok-choy	greens
bok-choy	vegetable
bolt-cutter	cutter
bongo	musical-instrument
bookcase	furniture
bookend	decor
borage	vegetable
bottom	clothing
bowl	dinnerware
bowl	tableware
bra	clothing
brass-instrument	musical-instrument
bread	dough
bread	ingredient
breadfruit	fruit
breadstick	snack-food
briefs	activewear
briefs	clothing
broccoli	vegetable
buffer	household-appliance
buffet	furniture
bulletin-board	display-board
bushing	plumbing
butter	dairy-product
butter-dish	tableware
cabbage	vegetable
cabinet	furniture
candle	decor
candle-holder	decor
canned-meat	meat
carafe	tableware
carbonated-water	water
cardoon	vegetable
carrot	vegetable
casserole-dish	cookware
cauliflower	vegetable
celery	vegetable
celery-root	vegetable
cello	musical-instrument
cereal	snack-food
chafing-dish	kitchen-appliance
chair	decor
chair	furniture
chaise	chair
chaise	decor
chaise	furniture
chandelier	lighting
chap	clothing
chap	outerwear
chard	greens
chard	vegetable
cheese	dairy-product
cherimoya	fruit
cherry	fruit
chicory	greens
chicory	vegetable
chime	building-material
chime	musical-instrument
china-cabinet	furniture
chip	semiconductor
chip	snack-food
chopsticks	flatware
chopsticks	tableware
citrus-fruit	fruit
clarinet	musical-instrument
clarinet	woodwind
clock	decor
coat	clothing
coat	decor
coat	outerwear
coconut	fruit
coffee	tableware
coffee-maker	kitchen-appliance
coffee-table	chair
coffee-table	decor
coffee-table	furniture
coffee-table	table
comforter	bedding
compiler	software
computer-icon	software
computer-server	computer
concertina	musical-instrument
concrete	chemical
connector	plumbing
control	plumbing
cookie	dough
cookie	ingredient
cooking-oil	ingredient
corn	vegetable
corn-syrup	ingredient
cornet	brass-instrument
cornet	musical-instrument
cornice	decor
costume	makeup
cottage-cheese	dairy-product
countertop	building-material
countertop	kitchen-appliance
cracker	snack-food
cradle	furniture
cream	dairy-product
creamer	tableware
crib	furniture
crouton	snack-food
cubicle	furniture
cubicle	office-furniture
cucumber	vegetable
currency	software
curtain	decor
cymbal	musical-instrument
date	fruit
deck	chemical
desk	clock
desk	decor
desk	fan
desk	furniture
desk	household-appliance
desk	office-furniture
desktop-computer	computer
dictionary	software
digital-camera	camera
dinnerware	tableware
diode	semiconductor
dirndl	clothing
dishwasher	kitchen-appliance
distilled-water	water
door	building-material
double-boiler	cookware
dough	ingredient
drafting-table	furniture
drafting-table	office-furniture
drain	plumbing
dress	clothing
drinking-fountain	plumbing
dryer	household-appliance
drywall	building-material
dune-buggy	motor-vehicle
dune-buggy	vehicle
dutch-oven	cookware
egg-cup	tableware
egg-white	egg
eggplant	vegetable
electronic-musical-instrument	musical-instrument
enclosure	plumbing
english-horn	musical-instrument
english-horn	woodwind
entertainment-center	furniture
euphonium	brass-instrument
euphonium	musical-instrument
evaporative-cooler	household-appliance
extract	ingredient
eyeliner	makeup
face-powder	makeup
fan	household-appliance
faucet	plumbing
feijoa	fruit
fence	barrier
fig	fruit
figurine	decor
file-cabinet	furniture
finger	musical-instrument
finial	decor
flag	decor
flatware	tableware
flood	lighting
floor	clock
floor	decor
floor	household-appliance
flour	ingredient
flower	plant
flower	seed
flute	musical-instrument
flute	woodwind
folding-chair	chair
folding-chair	decor
folding-chair	furniture
font	software
food-coloring	ingredient
foot	plumbing
footboard	furniture
fork	flatware
fork	tableware
foundation	makeup
fountain	decor
freezer	kitchen-appliance
french-horn	brass-instrument
french-horn	musical-instrument
frying-pan	cookware
furnace	household-appliance
futon	furniture
garbage-disposal	kitchen-appliance
garden	decor
garland	decor
garlic	vegetable
garter	clothing
garter-belt	clothing
gasket	plumbing
gate	barrier
glass	building-material
glass-cutter	cutter
glockenspiel	musical-instrument
golf-cart	motor-vehicle
golf-cart	vehicle
gong	musical-instrument
gourd	vegetable
grandfather-clock	clock
grandfather-clock	decor
granola-bar	snack-food
grape	fruit
grapefruit	citrus-fruit
grapefruit	fruit
gravy-boat	tableware
greens	vegetable
griddle	cookware
guava	fruit
guitar	musical-instrument
gutter	building-material
gutter	roofing
hand-saw	saw
handrail	building-material
hanger	furniture
hard-drive	storage-device
harmonica	musical-instrument
harmonica	woodwind
harp	musical-instrument
hatch	building-material
headboard	furniture
highlighter	makeup
hope-chest	furniture
hosiery	clothing
hot-plate	kitchen-appliance
hourglass	decor
hutch	furniture
ice-maker	kitchen-appliance
icing	ingredient
incense	decor
insulation	building-material
integrated-circuit	semiconductor
iron	household-appliance
island	furniture
jacket	clothing
jacket	outerwear
jerky	snack-food
jew's-harp	musical-instrument
jew's-harp	woodwind
jigsaw	saw
jigsaw-puzzle	puzzle
juicer	kitchen-appliance
jumpsuit	clothing
kale	greens
kale	vegetable
kerosene	fuel
keyboard	input-device
kimono	clothing
kit	equipment
kit	plumbing
kitchen	furniture
kitchen	plumbing
kitchen	sink
kohlrabi	vegetable
kumquat	citrus-fruit
kumquat	fruit
label	gift-wrapping
lamp	lighting
laptop	computer
lard	ingredient
lattice	barrier
leek	vegetable
lemon	citrus-fruit
lemon	fruit
lemon	ingredient
leotard	clothing
letter	decor
lettuce	greens
lettuce	vegetable
light	lighting
light-bulb	lighting
lime	citrus-fruit
lime	fruit
lime-juice	ingredient
liner	furniture
lingerie	clothing
lip	makeup
lipstick	makeup
liquid	egg
locker	furniture
loquat	fruit
loungewear	clothing
lumber	building-material
lunch	meat
lychee	fruit
magazine-rack	furniture
mail-slot	decor
mailbox	decor
mamey	fruit
mango	fruit
mangosteen	fruit
margarine	dairy-product
marshmallow	ingredient
mascara	makeup
masonry	saw
mattress	furniture
mattress-pad	bedding
meal	ingredient
melon	fruit
microcontroller	semiconductor
microwave-oven	kitchen-appliance
military-uniform	clothing
military-uniform	uniform
milk	ingredient
mill	kitchen-appliance
mirror	decor
molasses	ingredient
molding	building-material
motor-vehicle	vehicle
motorcycle	motor-vehicle
motorcycle	vehicle
mouse	input-device
muffin	kitchen-appliance
mug	tableware
multimedia	software
mushroom	vegetable
music-box	decor
napkin-ring	decor
nectarine	fruit
nightgown	clothing
nozzle	plumbing
ocarina	musical-instrument
ocarina	woodwind
office-furniture	furniture
oil-lamp	lighting
okra	vegetable
onion	vegetable
operating-system	software
orange	citrus-fruit
orange	fruit
organizer	furniture
ottoman	furniture
outerwear	clothing
outfit	clothing
oven	kitchen-appliance
overhead-projector	projector
papaya	fruit
parsnip	vegetable
passion-fruit	fruit
pastry-dough	dough
pastry-dough	ingredient
pea	vegetable
peach	fruit
pear	fruit
pepper	vegetable
pepper-shaker	tableware
percolator	kitchen-appliance
persimmon	fruit
petticoat	clothing
piano	musical-instrument
picture-frame	decor
pie	ingredient
pie-crust	dough
pie-crust	ingredient
piggy-bank	decor
pillow	bedding
pillowcase	bedding
pineapple	fruit
pipe-cutter	cutter
pitahaya	fruit
plant	seed
plate	dinnerware
plate	tableware
plug	plumbing
plum	fruit
plumcot	fruit
pomegranate	fruit
popcorn	snack-food
potato	vegetable
potpourri	decor
pressure-cooker	cookware
pretzel	snack-food
punch-bowl	tableware
quince	fruit
radish	vegetable
rail	barrier
rain-gauge	decor
rambutan	fruit
range	kitchen-appliance
range-hood	kitchen-appliance
ratchet	musical-instrument
reciprocating-saw	saw
recorder	musical-instrument
recorder	woodwind
recreational-vehicle	motor-vehicle
recreational-vehicle	vehicle
reel	equipment
refrigerator	kitchen-appliance
respirator	protective-mask
rhubarb	vegetable
riding-mower	lawn-mower
robe	clothing
romper	clothing
roofing	building-material
rug	decor
rutabaga	vegetable
sailboat	vehicle
sailboat	watercraft
salt	tableware
sapote	fruit
saucepan	cookware
saxophone	musical-instrument
saxophone	woodwind
scalpel	medical-instrument
scooter	motor-vehicle
scooter	vehicle
sculpture	decor
septic-tank	chemical
set	kitchen-appliance
shade	decor
shadow-box	decor
shallot	vegetable
shirt	clothing
shooting-stick	furniture
shower	plumbing
shower-stall	plumbing
shrub	plant
shrub	seed
shutter	building-material
sideboard	furniture
siding	building-material
sink	plumbing
skirt	clothing
sleepwear	clothing
slide-projector	projector
slipcover	decor
snare-drum	musical-instrument
snowmobile	motor-vehicle
snowmobile	vehicle
sock	clothing
sofa	furniture
sour-cream	dairy-product
soursop	fruit
space-heater	household-appliance
spinach	greens
spinach	vegetable
spinner	decor
spoon	flatware
spoon	tableware
spring-water	water
sprout	vegetable
statue	decor
steamer	kitchen-appliance
stool	chair
stool	decor
stool	furniture
strainer	plumbing
string	lighting
stuffing	material
sugar	ingredient
sugar-apple	fruit
sugar-bowl	tableware
suit	clothing
suit	outerwear
sunchoke	vegetable
sundial	decor
support	plumbing
suture	medical-instrument
sweet-potato	vegetable
sweetener	ingredient
swimwear	clothing
swivel	fishing-tackle
table	chair
table	decor
table	furniture
table-knife	flatware
table-knife	tableware
table-saw	saw
tablet-computer	computer
tamarindo	fruit
tambourine	musical-instrument
tangelo	citrus-fruit
tangelo	fruit
tape-drive	storage-device
taro-root	vegetable
tassel	decor
tea-maker	kitchen-appliance
tea-set	tableware
throw-pillow	decor
tile	building-material
tile	cutter
tile	roofing
tin	gift-wrapping
tin-whistle	musical-instrument
tin-whistle	woodwind
tissue-paper	gift-wrapping
toaster	kitchen-appliance
toaster-oven	kitchen-appliance
toilet	plumbing
tom-tom	musical-instrument
tomato	vegetable
tomato-paste	ingredient
top	clothing
tortilla	kitchen-appliance
toy-chest	furniture
trackball	input-device
trail	snack-food
transistor	semiconductor
tree	plant
tree	seed
trivet	tableware
trombone	brass-instrument
trombone	musical-instrument
trunk	decor
tuba	brass-instrument
tuba	musical-instrument
tumbler	tableware
tureen	tableware
turnip	vegetable
tuxedo	clothing
tuxedo	outerwear
tuxedo	suit
undershirt	clothing
underwear	clothing
uniform	clothing
urinal	plumbing
vacuum	household-appliance
van	motor-vehicle
van	vehicle
vanity	furniture
vase	decor
vest	activewear
vest	clothing
vest	outerwear
vinegar	ingredient
viola	musical-instrument
violin	musical-instrument
waffle	ingredient
waffle-iron	kitchen-appliance
wall	building-material
wall-clock	clock
wall-clock	decor
wallpaper	decor
wardrobe	furniture
washcloth	towel
water-cooler	kitchen-appliance
water-filter	kitchen-appliance
water-heater	household-appliance
water-softener	plumbing
watercraft	vehicle
watercress	vegetable
waterfall	decor
weather-stripping	building-material
weather-vane	decor
webcam	camera
wedding-dress	clothing
whipped-cream	dairy-product
wind-chime	decor
window	building-material
window-blind	decor
window-frame	building-material
window-screen	decor
wine	furniture
wok	cookware
wok	kitchen-appliance
woodwind	musical-instrument
workstation	furniture
workstation	office-furniture
xylophone	musical-instrument
yacht	vehicle
yacht	watercraft
yam	vegetable
yogurt	dairy-product
