7z	file-format
abbey	monastery
abbey	settlement
abstract-data-type	data-type
academy	school
access-control-list	access-control
acquaintance	person
activewear	artifact
activewear	clothing
activewear	equipment
activewear	physical-object
activewear	sporting-goods
activewear	tool
ad	information
ad	service
adapter	equipment
adapter	hardware
adjacency-matrix	array-data-structure
adjacency-matrix	data-structure
adjacency-matrix	matrix
adult	animal
adult	organism
adult	physical-object
adversary	person
advocate	lawyer
advocate	professional
advocate	specialist
advocate	worker
agile-software-development	computer-programming
agile-software-development	skill
aids	disease
aids	illness
aids	symptom
aids	syndrome
aircraft	physical-object
aircraft	vehicle
alarm-clock	clock
alarm-clock	machine
album	notebook
alcohol	drink
alcohol	fluid
alcohol	liquid
alcohol	liquid-substance
algebraic-data-type	data-type
alliance	organization
allowance	gift
allowance	money
allowance	payment
allowance	transaction
altar	dining-table
altar	furniture
altar	table
altar	table-furniture
aluminum	drug
aluminum	medication
aluminum	metal
ambiguity	uncertainty
ammunition	artifact
ammunition	physical-object
analog-computer	computer
analog-computer	machine
animal	organism
animal	physical-object
anklet	artifact
anklet	clothing
anklet	equipment
anklet	physical-object
anklet	tool
annotation	metadata
ant	animal
ant	insect
ant	invertebrate
ant	organism
ant	physical-object
anteroom	room
anvil	artifact
anvil	equipment
anvil	physical-object
anvil	tool
appetite	sensation
applet	software
application	software
application-specific-integrated-circuit	chip
application-specific-integrated-circuit	integrated-circuit
approximation-algorithm	algorithm
archive	organization
arithmetic-coding	data-compression
arithmetic-coding	entropy-encoding
armoire	furniture
array-data-structure	data-structure
artichoke	vegetable
article	publication
article	text
artifact	physical-object
artist	person
ash	chemical
ashtray	trash-can
aspect-oriented-programming	computer-programming
aspect-oriented-programming	separation-of-concerns
aspect-oriented-programming	skill
assembly-hall	room
assembly-language	programming-language
assertion	control-flow
assertion	program-statement
assertion	statement
assignment	contract
assimilation	chemical-reaction
assistant	research-worker
assistant	scientist
associative-array	data-structure
astronomy	research
astronomy	science
atmosphere	fluid
atmosphere	gas
attention	cognition
auction	sale
authoring-language	programming-language
automaton	machine
automobile-horn	noisemaker
avenue	road
avenue	street
avl-tree	binary-search-tree
avl-tree	binary-tree
avl-tree	data-structure
avl-tree	directed-acyclic-graph
avl-tree	directed-graph
avl-tree	graph
avl-tree	self-balancing-binary-search-tree
avl-tree	tree-data-structure
awning	roof
ax	artifact
ax	physical-object
b-tree	data-structure
b-tree	tree-data-structure
baby	animal
baby	child
baby	childhood
baby	organism
baby	physical-object
backlog	hill
backlog	landform
backpack	artifact
backpack	clothing
backpack	equipment
backpack	handbag
backpack	housing
backpack	machine-housing
backpack	physical-object
backpack	tool
backtracking-search	algorithm
backtracking-search	information-retrieval
bacon	flesh
bacon	food
bacon	meat
bacon	pork
bacon	tissue
bacterium	microorganism
bacterium	organism
bacterium	physical-object
bag	artifact
bag	equipment
bag	luggage
bag	physical-object
bag	tool
bagel	food
bakery	building
bakery	workplace
balaclava	activewear
balaclava	artifact
balaclava	clothing
balaclava	equipment
balaclava	physical-object
balaclava	sporting-goods
balaclava	tool
ball	artifact
ball	equipment
ball	physical-object
ball	sporting-goods
barbecue-grill	culture
barbecue-grill	custom
barley	commodity
barley	grass
barley	organism
barley	physical-object
barley	plant
baron	businessman
baron	worker
barrel	artifact
barrel	equipment
barrel	physical-object
barrel	tool
barroom	faucet
barroom	furniture
barroom	mechanism
base	equipment
base	tripod
baseball-ball	artifact
baseball-ball	equipment
baseball-ball	physical-object
baseball-ball	sporting-goods
baseball-bat	artifact
baseball-bat	equipment
baseball-bat	physical-object
baseball-bat	sporting-goods
basement	storey
basic-language	programming-language
basket	artifact
basket	braid
basket	equipment
basket	physical-object
basket	structure
basket	tool
basketball	game
basketball	sport
basketball-backboard	artifact
basketball-backboard	equipment
basketball-backboard	physical-object
basketball-backboard	sporting-goods
bass-drum	artifact
bass-drum	drum
bass-drum	equipment
bass-drum	musical-instrument
bass-drum	physical-object
bass-drum	tool
bassinet	artifact
bassinet	bed
bassinet	crib
bassinet	furniture
bassinet	physical-object
bassoon	woodwind
bath-towel	towel
bathroom	room
bathtub	artifact
bathtub	equipment
bathtub	physical-object
bathtub	tool
batter	fluid
batter	food
battle	violence
beaker	artifact
beaker	equipment
beaker	physical-object
beaker	tool
bean	food
bean	seed
beanie	artifact
beanie	clothing
beanie	equipment
beanie	physical-object
beanie	tool
bear	animal
bear	organism
bear	physical-object
bed	artifact
bed	furniture
bed	physical-object
bedroom	room
beer	alcohol
beer	commodity
beer	drink
beer	fluid
beer	liquid
beer	liquid-substance
behavior-driven-development	agile-software-development
behavior-driven-development	computer-programming
behavior-driven-development	skill
belt	artifact
belt	clothing
belt	equipment
belt	physical-object
belt	tool
beret	artifact
beret	clothing
beret	equipment
beret	physical-object
beret	tool
betrothal	declaration
betrothal	promise
bicycle	artifact
bicycle	equipment
bicycle	physical-object
bicycle	sporting-goods
bid	price
bill	cash
billiard-ball	artifact
billiard-ball	equipment
billiard-ball	physical-object
billiard-ball	sporting-goods
billiard-table	artifact
billiard-table	dining-table
billiard-table	equipment
billiard-table	furniture
billiard-table	physical-object
billiard-table	sporting-goods
billiard-table	table
billiard-table	table-furniture
binary-file	computer-file
binary-file	data-file
binary-search-tree	binary-tree
binary-search-tree	data-structure
binary-search-tree	directed-acyclic-graph
binary-search-tree	directed-graph
binary-search-tree	graph
binary-search-tree	tree-data-structure
binary-tree	data-structure
binary-tree	directed-acyclic-graph
binary-tree	directed-graph
binary-tree	graph
binary-tree	tree-data-structure
bios	operating-system
bios	software
birthday	anniversary
blackmail	crime
blazer	artifact
blazer	clothing
blazer	equipment
blazer	jacket
blazer	outerwear
blazer	physical-object
blazer	tool
blender	appliance
blender	household-appliance
block	settlement
blood	fluid
blood	liquid
blood	liquid-substance
board-game	artifact
board-game	physical-object
boat	physical-object
boat	vehicle
boat	watercraft
boiler	apparatus
bok-choy	cabbage
bok-choy	greens
bok-choy	vegetable
bolt	artifact
bolt	equipment
bolt	physical-object
bolt	tool
bolt-cutter	artifact
bolt-cutter	equipment
bolt-cutter	physical-object
bolt-cutter	tool
bongo	artifact
bongo	equipment
bongo	musical-instrument
bongo	physical-object
bongo	tool
book	publication
book-volume	publication
bookcase	cabinet
booklet	publication
bookmark	artifact
bookmark	physical-object
boolean-data-type	data-type
boolean-data-type	primitive-data-type
boolean-operation	function
boot	artifact
boot	clothing
boot	equipment
boot	physical-object
boot	tool
booth	workplace
bottle	artifact
bottle	equipment
bottle	physical-object
bottle	tool
bottle-cap	lid
bottle-opener	mechanism
bottom	ship
bottom	watercraft
bow-tie	artifact
bow-tie	clothing
bow-tie	equipment
bow-tie	necktie
bow-tie	physical-object
bow-tie	tool
bowl	artifact
bowl	equipment
bowl	physical-object
bowl	tableware
bowl	tool
bowling-ball	artifact
bowling-ball	equipment
bowling-ball	physical-object
bowling-ball	sporting-goods
bowling-pin	artifact
bowling-pin	equipment
bowling-pin	physical-object
bowling-pin	sporting-goods
box	artifact
box	equipment
box	physical-object
box	tool
bra	artifact
bra	clothing
bra	equipment
bra	lingerie
bra	physical-object
bra	tool
bra	underwear
bracelet	artifact
bracelet	clothing
bracelet	equipment
bracelet	physical-object
bracelet	tool
braces	artifact
braces	equipment
braces	physical-object
braces	tool
braid	structure
branch	stalk
bread	food
breadth-first-search	algorithm
breadth-first-search	information-retrieval
brewery	factory
brewery	organization
bride	adult
bride	animal
bride	organism
bride	physical-object
bride	woman
briefcase	artifact
briefcase	equipment
briefcase	physical-object
briefcase	tool
briefs	artifact
briefs	clothing
briefs	equipment
briefs	physical-object
briefs	tool
briefs	underpants
briefs	underwear
brink	hill
brink	landform
broom	brush
broth	fluid
broth	food
broth	liquid
broth	liquid-substance
bubble	physical-object
bucket	artifact
bucket	equipment
bucket	physical-object
bucket	tool
buckwheat	food
buckwheat	grain
buckwheat	seed
build-system	software
bullet	ammunition
bullet	artifact
bullet	physical-object
bulletin-board-system	computer-server
bulletin-board-system	software
bun	bread
bun	food
bunch	group
bungalow	building
bungalow	house
bunk-bed	artifact
bunk-bed	bed
bunk-bed	furniture
bunk-bed	physical-object
businessman	worker
bustle	artifact
bustle	clothing
bustle	equipment
bustle	petticoat
bustle	physical-object
bustle	skirt
bustle	tool
bustle	underwear
butterfly	animal
butterfly	invertebrate
butterfly	organism
butterfly	physical-object
buttermilk	dairy-product
button	artifact
button	clothing
button	equipment
button	physical-object
button	tool
bytecode	instruction-set-architecture
cab	physical-object
cab	vehicle
cabbage	vegetable
cable	braid
cable	rope
cable	structure
caddy	artifact
caddy	equipment
caddy	physical-object
caddy	tool
cafe	workplace
cage	artifact
cage	equipment
cage	physical-object
cage	tool
calculator	artifact
calculator	equipment
calculator	physical-object
calculator	tool
caliper	artifact
caliper	equipment
caliper	physical-object
caliper	tool
call-stack	data-structure
call-stack	stack-data-structure
caller-id	service
camcorder	vcr
camera	equipment
camera-lens	equipment
candle-holder	furniture
candle-holder	stand
cane	artifact
cane	clothing
cane	equipment
cane	physical-object
cane	tool
cane	walking-stick
canned-meat	flesh
canned-meat	food
canned-meat	meat
canned-meat	tissue
cannister	artifact
cannister	box
cannister	equipment
cannister	physical-object
cannister	tool
canoe	boat
canoe	physical-object
canoe	vehicle
canoe	watercraft
canteen	artifact
canteen	equipment
canteen	physical-object
canteen	tool
cap	artifact
cap	clothing
cap	equipment
cap	physical-object
cap	tool
carafe	artifact
carafe	equipment
carafe	physical-object
carafe	tool
carbonated-water	drink
carbonated-water	fluid
carbonated-water	liquid
carbonated-water	liquid-substance
cardigan	artifact
cardigan	clothing
cardigan	equipment
cardigan	physical-object
cardigan	sweater
cardigan	tool
cardigan	top
cardoon	vegetable
carpenter-square	artifact
carpenter-square	equipment
carpenter-square	physical-object
carpenter-square	tool
carrot	dish
carrot	food
carrot	plant-root
carrot	prepared-dish
carrot	root
carrot	vegetable
carrot-vegetable	dish
carrot-vegetable	food
carrot-vegetable	plant-root
carrot-vegetable	prepared-dish
carrot-vegetable	root
carrot-vegetable	vegetable
cartoon	artifact
cartoon	drawing
cartoon	physical-object
case	artifact
case	equipment
case	furniture
case	physical-object
case	tool
casserole-dish	dish
casserole-dish	food
casserole-dish	prepared-dish
caster	mechanism
caster	wheel
casualty	person
casualty	victim
cat	pet
catalog	collection
catalog	group
catalog	publication
cathedral	church
cauliflower	vegetable
cave	landform
celery	greens
celery	herb
celery	vegetable
cellular-telephone	appliance
cellular-telephone	household-appliance
cellular-telephone	phone
celluloid	equipment
central-processing-unit	hardware
centrifuge	machine
ceramic	material
ceramic	substance
chafing-dish	appliance
chafing-dish	household-appliance
chair	furniture
chairman	manager
chairman	person
chaise	furniture
champagne	wine
champion	athlete
champion	winner
change	number
channel	landform
chapter	board-of-directors
character-data-type	data-type
character-encoding	data-type
character-string	data-type
characteristic	number
chard	leaf
chard	stalk
chard	vegetable
charger	appliance
charger	household-appliance
charm	fraction
charm	number
charter	contract
cheese	dairy-product
chemical-element	chemical
chest-of-drawers	furniture
child	animal
child	organism
child	physical-object
childhood	animal
childhood	organism
childhood	physical-object
chime	artifact
chime	equipment
chime	musical-instrument
chime	physical-object
chime	tool
china-cabinet	cabinet
chips	dish
chips	food
chips	prepared-dish
chips	side-dish
chocolate	candy
chord	group
chorus	music-band
chorus	organization
chutney	sauce
cigarette-case	artifact
cigarette-case	equipment
cigarette-case	physical-object
cigarette-case	tool
cinema	occupation
cinema	organization
circuit-card	hardware
circular	booklet
circular	publication
circular	tract
citizen	animal
citizen	organism
citizen	physical-object
civilian	person
clamp	artifact
clamp	equipment
clamp	physical-object
clamp	tool
classroom	room
client-server-model	computer-science
client-server-model	software-architecture
cliff	landform
cliff	slope
climate	geography
climate	meteorology
climate	research
climate	science
clipboard	artifact
clipboard	equipment
clipboard	physical-object
clipboard	tool
clique	graph
clock	machine
closet	furniture
clothing	artifact
clothing	equipment
clothing	physical-object
clothing	tool
cloud	weather
club	artifact
club	equipment
club	physical-object
club	sporting-goods
clue	information
coat	artifact
coat	clothing
coat	equipment
coat	outerwear
coat	physical-object
coat	tool
cocktail-sauce	sauce
code	algorithm
code	codec
code	sign
coffee-cake	cake
coffee-maker	appliance
coffee-maker	household-appliance
coffee-table	dining-table
coffee-table	furniture
coffee-table	table
coffee-table	table-furniture
coffin	furniture
coincidence	group
collection	group
column-oriented-dbms	database-management-system
column-oriented-dbms	software
comforter	bedding
comforter	blanket
command-line-interface	computer-science
command-line-interface	human-computer-interaction
command-line-interface	interface
command-line-interface	text-based-user-interface
command-line-interface	user-interface
committee	organization
communist	person
compact	car
company	organization
compiled-language	programming-language
compiler	software
composer	artist
composer	musician
composer	person
computational-ontology	database
computational-ontology	knowledge-base
computer	machine
computer-cache	hardware
computer-cluster	group
computer-memory	hardware
computer-monitor	display-device
computer-monitor	hardware
computer-monitor	interface
computer-monitor	output-device
computer-monitor	peripheral
computer-monitor	user-interface
computer-mouse	hardware
computer-mouse	input-device
computer-mouse	interface
computer-mouse	peripheral
computer-mouse	user-interface
computer-port	hardware
computer-programming	skill
computer-virus	malware
computer-virus	software
computer-worm	malware
computer-worm	software
comrade	acquaintance
comrade	person
concurrent-programming	computer-programming
concurrent-programming	skill
conditional-statement	control-flow
conditional-statement	program-statement
conditional-statement	statement
conduit	software
configuration-file	computer-file
configuration-file	data-file
conflict-free-replicated-data-type	data-structure
congressman	politician
congressman	professional
congressman	specialist
congressman	worker
conscience	lesson
conscription	military-service
conspiracy	alliance
conspiracy	organization
conspiracy	secrecy
constitution	structure
consultation	meeting
context-free-grammar	formal-grammar
continuous-delivery	devops
contrast	number
contribution	gift
controlled-thesaurus	controlled-vocabulary
cook	craftsman
cook	person
cookie	dessert
cookie	dish
cookie	food
cookie	prepared-dish
cookie	snack-food
cooler	artifact
cooler	box
cooler	equipment
cooler	physical-object
cooler	tool
copper	drug
copper	medication
copper	metal
copy	text
core-dump	computer-file
core-dump	data-file
corn	food
corn	grain
corn	seed
corn-syrup	syrup
cornet	artifact
cornet	equipment
cornet	musical-instrument
cornet	physical-object
cornet	tool
corruption	crime
cosmetic	chemical
costume	artifact
costume	clothing
costume	equipment
costume	physical-object
costume	tool
cot	artifact
cot	bed
cot	furniture
cot	physical-object
council	organization
counter	furniture
countertop	furniture
countryside	settlement
courage	feeling
courage	perception
courtship	ceremony
courtship	custom
courtship	ritual
couscous	food
cpu-cache	computer-cache
cpu-cache	hardware
cracker	cookie
cracker	dessert
cracker	dish
cracker	food
cracker	prepared-dish
cracker	snack-food
cradle	artifact
cradle	bed
cradle	crib
cradle	furniture
cradle	physical-object
craft-vehicle	physical-object
craft-vehicle	vehicle
craftsman	person
crampon	automaton
crampon	machine
cream	dairy-product
cream-cheese	dairy-product
cream-sauce	sauce
credibility	probability
credit	loan
credit	transaction
crib	artifact
crib	bed
crib	furniture
crib	physical-object
cricket-ball	artifact
cricket-ball	equipment
cricket-ball	physical-object
cricket-ball	sporting-goods
crisp	food
crisp	snack-food
critic	person
criticism	philosophy
cross-site-scripting	security-vulnerability
cross-site-scripting	software-bug
crouton	food
crown	artifact
crown	clothing
crown	equipment
crown	headdress
crown	physical-object
crown	tool
cryptographic-hash-function	algorithm
cryptographic-hash-function	function
cryptographic-hash-function	hash-function
crystal	chemical
crystal	substance
csv	data-type
cubicle	bedroom
cubicle	room
cuff	artifact
cuff	clothing
cuff	equipment
cuff	physical-object
cuff	tool
cufflink	artifact
cufflink	clothing
cufflink	equipment
cufflink	physical-object
cufflink	tool
cup	artifact
cup	equipment
cup	physical-object
cup	tool
cupboard	furniture
cupboard	room
cupcake	cake
curl	function
currency	money
current	electricity
cutter	watercraft
cyclic-redundancy-check	algorithm
cyclic-redundancy-check	function
cyclic-redundancy-check	hash-function
cymbal	artifact
cymbal	equipment
cymbal	musical-instrument
cymbal	physical-object
cymbal	tool
dairy	building
dairy	occupation
dairy	organization
dark-blue	blue
darkroom	room
dash	satellite
data-block	data-structure
data-lake	data-warehouse
data-retrieval	information-retrieval
database-index	data-structure
database-journal	computer-file
database-journal	data-file
database-journal	log-file
database-management-system	software
database-view	database-table
date	botanical-fruit
date	food
date	fruit
daughter	offspring
daughter	young
deadlock	software-bug
dearth	deficit
decision-table	tabular-array
declarative-programming	computer-programming
declarative-programming	programming-paradigm
declarative-programming	skill
decoration	artifact
decoration	physical-object
defendant	party
defendant	person
deity	concept
dentist	doctor
deodorant	chemical
deodorant	cosmetic
dependency-injection	computer-science
dependency-injection	inversion-of-control
dependency-injection	software-architecture
depository-financial-institution	occupation
depository-financial-institution	organization
depth-first-search	algorithm
depth-first-search	information-retrieval
deputy	politician
deputy	professional
deputy	specialist
deputy	worker
desert	environment
desert	habitat
desert	landform
desk	dining-table
desk	furniture
desk	table
desk	table-furniture
desktop-computer	appliance
desktop-computer	computer
desktop-computer	household-appliance
desktop-computer	machine
desktop-computer	personal-computer
dessert	dish
dessert	food
dessert	prepared-dish
detective	fictional-character
detector	artifact
detector	equipment
detector	physical-object
detector	tool
development	growth
device-driver	software
diagram	structure
dialect	programming-language
diamond	jewel
diamond	mineral
diaper	artifact
diaper	clothing
diaper	equipment
diaper	physical-object
diaper	tool
diaper	underwear
dictionary	publication
diet	food
digital-archive	database
digital-archive	digital-library
digital-archive	electronic-database
digital-archive	software
digital-archive	web-site
digital-camera	camera
digital-camera	equipment
digital-certificate	computer-file
digital-certificate	data-file
digital-computer	computer
digital-computer	machine
digital-library	database
digital-library	electronic-database
digital-library	software
digital-library	web-site
digital-signature	identifier
digital-signature	information
dining-table	furniture
dip	sauce
directed-acyclic-graph	directed-graph
directed-acyclic-graph	graph
directed-graph	graph
director	artist
director	manager
director	person
directory	catalog
directory	collection
directory	group
directory	publication
dirndl	artifact
dirndl	clothing
dirndl	dress
dirndl	equipment
dirndl	physical-object
dirndl	skirt
dirndl	tool
dish	food
dish-aerial	antenna
dishwasher	appliance
dishwasher	household-appliance
disk-image	computer-file
disk-image	data-file
disk-operating-system	operating-system
disk-operating-system	software
display-board	information
display-board	signboard
display-device	hardware
display-device	interface
display-device	output-device
display-device	peripheral
display-device	user-interface
disposition	text
dissertation	research
distributed-computing	computer-programming
distributed-computing	computer-science
distributed-computing	concurrent-programming
distributed-computing	parallel-computing
distributed-computing	skill
distributed-file-system	file-system
distributed-file-system	software
distributed-hash-table	associative-array
distributed-hash-table	data-structure
distributed-hash-table	hash-table
divide-and-conquer-algorithm	algorithm
dividend	payment
dividend	transaction
divider	gate
document-oriented-database	database-management-system
document-oriented-database	nosql
document-oriented-database	software
documentation	information
doll	artifact
doll	physical-object
dollhouse	cabinet
domain-ontology	computational-ontology
domain-ontology	database
domain-ontology	knowledge-base
dome	ceiling
dominance	partial-order
dongle	hardware
dongle	peripheral
donut	dessert
donut	dish
donut	food
donut	prepared-dish
donut	snack-food
door	obstacle
door	physical-object
dot-matrix-printer	hardware
dot-matrix-printer	peripheral
dot-matrix-printer	printer
double	candy
double-ended-queue	data-structure
double-ended-queue	queue-data-structure
double-ended-queue	stack-data-structure
dough	food
dough	spread
down-payment	payment
down-payment	transaction
drain	gutter
draw	landform
drawing	artifact
drawing	physical-object
dress	artifact
dress	clothing
dress	equipment
dress	physical-object
dress	tool
drill-tool	artifact
drill-tool	equipment
drill-tool	physical-object
drill-tool	tool
drink	fluid
drink	liquid
drink	liquid-substance
drinking-fountain	fountain
drinking-fountain	ornamental-fountain
drive	hardware
drone-aircraft	aircraft
drone-aircraft	physical-object
drone-aircraft	vehicle
drum	artifact
drum	equipment
drum	musical-instrument
drum	physical-object
drum	tool
dryer	machine
duck-typing	dynamic-typing
duck-typing	type-system
duffel-bag	artifact
duffel-bag	equipment
duffel-bag	handbag
duffel-bag	housing
duffel-bag	machine-housing
duffel-bag	physical-object
duffel-bag	tool
duke	sign
duke	title-of-respect
dune-buggy	car
dustpan	trash-can
duty	principle
duty	structure
duvet	bedding
duvet	blanket
dynamic-array	array-data-structure
dynamic-array	data-structure
dynamic-link-library	computer-file
dynamic-link-library	data-file
dynamic-link-library	shared-library
dynamic-link-library	software
dynamic-link-library	software-library
dynamic-programming	programming-paradigm
dynamic-typing	type-system
eager-evaluation	algorithm
ear	organ
economics	social-science
economist	research-worker
economist	scientist
education	service
egg	food
egg-cup	artifact
egg-cup	equipment
egg-cup	physical-object
egg-cup	tableware
egg-cup	tool
egg-white	food
eggnog	drink
eggnog	fluid
eggnog	liquid
eggnog	liquid-substance
eggplant	blue
eggshell	artifact
eggshell	equipment
eggshell	housing
eggshell	machine-housing
eggshell	physical-object
eggshell	tool
electric-razor	razor
electronic-database	database
electronic-database	software
electronic-database	web-site
elephant	mammal
elevator	machine
elite	class
email	letter
embassy	building
embedded-database	database-management-system
embedded-database	software
embedded-database	software-library
embedded-system	computer
embedded-system	machine
embryo	organism
embryo	physical-object
emergency	crisis
empire	realm
employee	worker
end-to-end-encryption	encryption
enemy	acquaintance
enemy	adversary
enemy	person
engagement	declaration
engagement	promise
engine	machine
engineer	worker
entertainment-center	furniture
entropy-encoding	data-compression
enumerated-type	data-type
environment-variable	program-variable
equalizer	signal-processing
error-detection-and-correction	telecommunication
ethernet	plug
ethernet-hub	hardware
ethics	philosophy
event-driven-programming	computer-programming
event-driven-programming	skill
examiner	policeman
exception-handling	control-flow
excerpt	text
executable-file	computer-program
exemplar	text
exercise	fitness
expert	person
explaining	concept
explaining	information
explaining	message
explanation	concept
explanation	information
explanation	message
exploration	motion
exploration	voyage
extraterrestrial-being	organism
extraterrestrial-being	physical-object
eyeglass	artifact
eyeglass	clothing
eyeglass	equipment
eyeglass	physical-object
eyeglass	tool
faceted-search	information-retrieval
factory	organization
factory-method-pattern	software-design-pattern
fan	person
fan-device	artifact
fan-device	equipment
fan-device	physical-object
fan-device	tool
farm	facility
farm	workplace
fashion	culture
fat	chemical
father	parent
faucet	mechanism
feeling	perception
fence	obstacle
fence	physical-object
ferry	ship
ferry	watercraft
fertilizer	chemical
fever	symptom
fiber	thread
field-hockey-ball	artifact
field-hockey-ball	equipment
field-hockey-ball	physical-object
field-hockey-ball	sporting-goods
field-programmable-gate-array	chip
field-programmable-gate-array	integrated-circuit
fig	food
figurine	artifact
figurine	physical-object
figurine	statue
file-cabinet	armoire
file-cabinet	closet
file-cabinet	furniture
file-cabinet	wardrobe
file-directory	catalog
file-directory	collection
file-directory	group
file-directory	publication
file-folder	artifact
file-folder	equipment
file-folder	physical-object
file-folder	tool
file-path	character-string
file-path	data-type
file-server	computer
file-server	machine
file-system	software
filename	identifier
filename	information
filename	name
fine-art	art
fine-art	artistic-creation
finial	artifact
finial	decoration
finial	physical-object
fireman	worker
firmware	hardware
firmware	software
fish-meat	food
fish-meat	seafood
fishing-line	mechanism
fishing-line	string
fishing-net	artifact
fishing-net	equipment
fishing-net	fishing-tackle
fishing-net	physical-object
fishing-net	tool
fishing-rod	artifact
fishing-rod	equipment
fishing-rod	fishing-tackle
fishing-rod	physical-object
fishing-rod	tool
fishing-tackle	artifact
fishing-tackle	equipment
fishing-tackle	physical-object
fishing-tackle	tool
flag	concept
flag	sign
flag	symbol
flame	chemical-reaction
flash	equipment
flash-memory	hardware
flesh	tissue
floating-point-format	data-type
floating-point-format	primitive-data-type
floor	contract
floor	option
flour	food
flour	powder
flower	organism
flower	physical-object
flower	plant
fluctuation	function
fluctuation	number
flute	woodwind
foe	acquaintance
foe	adversary
foe	person
fog	cloud
fog	weather
foil	material
folding-chair	chair
folding-chair	furniture
folklore	custom
forest	environment
forest	habitat
forum	public-square
fraction	number
fracture	injury
franchise	occupation
franchise	organization
frank	culture
frank	custom
frank	dish
frank	food
frank	prepared-dish
free-and-open-source-software	open-source-software
free-and-open-source-software	software
free-software	open-source-software
free-software	software
friend	acquaintance
friend	person
frozen-dessert	dessert
frozen-dessert	dish
frozen-dessert	food
frozen-dessert	prepared-dish
frozen-yogurt	dessert
frozen-yogurt	dish
frozen-yogurt	food
frozen-yogurt	frozen-dessert
frozen-yogurt	prepared-dish
fuel	chemical
full-text-search	information-retrieval
functional-programming	computer-programming
functional-programming	declarative-programming
functional-programming	programming-paradigm
functional-programming	skill
fundamental-law	structure
fungus	organism
fungus	physical-object
funnel	artifact
funnel	equipment
funnel	physical-object
funnel	tool
fur	hair
fur	skin
fury	anger
fuse-filesystem	file-system
fuse-filesystem	software
futon	bedding
futon	blanket
fuzzing	software-testing
fuzzing	test-automation
gaiter	artifact
gaiter	clothing
gaiter	equipment
gaiter	physical-object
gaiter	tool
gallery	museum
gap	landform
garage	building
garden	workplace
garden-hose	artifact
garden-hose	equipment
garden-hose	physical-object
garden-hose	tool
garland	artifact
garland	clothing
garland	equipment
garland	necklace
garland	physical-object
garland	tool
garlic	vegetable
garter	artifact
garter	clothing
garter	equipment
garter	physical-object
garter	tool
garter-belt	artifact
garter-belt	clothing
garter-belt	equipment
garter-belt	physical-object
garter-belt	tool
garter-belt	underwear
gas	fluid
gash	wound
gasoline	chemical
gem	jewel
gem	mineral
general	employee
general	warrior
general	worker
generator-routine	coroutine
generic-programming	computer-programming
generic-programming	skill
genius	person
geography	research
geography	science
ghostwriter	artist
ghostwriter	person
ghostwriter	writer
girlfriend	acquaintance
girlfriend	friend
girlfriend	person
glacier	landform
glance	mineral
glass-material	substance
glockenspiel	artifact
glockenspiel	equipment
glockenspiel	musical-instrument
glockenspiel	physical-object
glockenspiel	tool
glove	artifact
glove	clothing
glove	equipment
glove	physical-object
glove	tool
gnu-general-public-license	software-license
goalkeeper	athlete
goalposts	artifact
goalposts	equipment
goalposts	physical-object
goalposts	sporting-goods
golf	game
golf	sport
golf-bag	artifact
golf-bag	equipment
golf-bag	handbag
golf-bag	housing
golf-bag	machine-housing
golf-bag	physical-object
golf-bag	sporting-goods
golf-bag	tool
golf-ball	artifact
golf-ball	equipment
golf-ball	physical-object
golf-ball	sporting-goods
golf-cart	artifact
golf-cart	car
golf-cart	equipment
golf-cart	physical-object
golf-cart	sporting-goods
golf-club	artifact
golf-club	equipment
golf-club	physical-object
golf-club	sporting-goods
golf-tee	artifact
golf-tee	equipment
golf-tee	physical-object
golf-tee	sporting-goods
gong	artifact
gong	equipment
gong	musical-instrument
gong	physical-object
gong	tool
gourd	botanical-fruit
gourd	fruit
gourd	vegetable
government	organization
government-cabinet	organization
governor	leader
governor	person
gown	artifact
gown	clothing
gown	equipment
gown	physical-object
gown	tool
gps-exchange-format	file-format
grace	prayer
grace	text
grain	food
grain	seed
grammar	humanities
grammar	linguistics
grammar	social-science
grandfather	ancestor
grandfather	father
grandfather	parent
grant	contract
grapefruit	citrus-fruit
graph-algorithm	algorithm
graph-data-structure	data-structure
graph-database	database
graphical-user-interface	interface
graphical-user-interface	user-interface
grass	organism
grass	physical-object
grass	plant
gratuity	contribution
gratuity	gift
grave	commemoration
grave	memorial
gravy	sauce
gravy-boat	artifact
gravy-boat	equipment
gravy-boat	physical-object
gravy-boat	tableware
gravy-boat	tool
greedy-algorithm	algorithm
greenhouse	workplace
greens	vegetable
grinder	dish
grinder	food
grinder	prepared-dish
grocery-store	workplace
ground	electrical-conductor
grout	concrete
grout	fluid
grpc	remote-procedure-call
guacamole	dip
guacamole	food
guacamole	sauce
gui-window	gui-widget
guide	expert
guide	person
guidebook	publication
gym-mat	artifact
gym-mat	equipment
gym-mat	physical-object
gym-mat	sporting-goods
habitat	environment
hair-dryer	appliance
hair-dryer	dryer
hair-dryer	household-appliance
hair-dryer	machine
hairbrush	brush
hallway	workplace
ham	flesh
ham	food
ham	meat
ham	pork
ham	tissue
hammock	artifact
hammock	bed
hammock	furniture
hammock	physical-object
hammock	playground-swing
hammock	swing
handbag	artifact
handbag	equipment
handbag	housing
handbag	machine-housing
handbag	physical-object
handbag	tool
handball	artifact
handball	equipment
handball	physical-object
handball	sporting-goods
handkerchief	artifact
handkerchief	clothing
handkerchief	equipment
handkerchief	physical-object
handkerchief	tool
handrail	equipment
handrail	interface
handrail	user-interface
hanger	artifact
hanger	equipment
hanger	physical-object
hanger	tool
hard-disk	hardware
hard-disk-drive	hardware
harp	artifact
harp	equipment
harp	musical-instrument
harp	physical-object
harp	tool
hash-function	algorithm
hash-function	function
hash-table	associative-array
hash-table	data-structure
hat	artifact
hat	clothing
hat	equipment
hat	physical-object
hat	tool
hayfield	environment
hayfield	habitat
headband	artifact
headband	clothing
headband	equipment
headband	physical-object
headband	tool
headdress	artifact
headdress	clothing
headdress	equipment
headdress	physical-object
headdress	tool
headphone	loudspeaker
headset	hardware
heap-memory	hardware
hedge	fence
hedge	obstacle
hedge	physical-object
helmet	artifact
helmet	clothing
helmet	equipment
helmet	physical-object
helmet	tool
herbicide	pesticide
highlighter	marker
highlighter	pen
hill	landform
hog	animal
hog	organism
hog	physical-object
holder	person
home-page	web-page
honey	syrup
horse	animal
horse	organism
horse	physical-object
hosiery	artifact
hosiery	clothing
hosiery	equipment
hosiery	physical-object
hosiery	tool
hospital	workplace
hospital-bed	artifact
hospital-bed	bed
hospital-bed	furniture
hospital-bed	physical-object
hostage	inhabitant
hostage	person
hostage	prisoner
hostel	building
hostel	hotel
hostel	occupation
hostel	organization
hostel	restaurant
hostel	workplace
hostname	identifier
hostname	information
hot-sauce	food
hot-sauce	sauce
hot-sauce	spread
hotel	occupation
hotel	organization
hourglass	clock
hourglass	machine
house	building
houseplant	organism
houseplant	physical-object
houseplant	plant
housewife	adult
housewife	animal
housewife	organism
housewife	person
housewife	physical-object
housewife	spouse
housewife	wife
housewife	woman
housing	artifact
housing	equipment
housing	physical-object
housing	tool
hovel	building
hovel	hotel
hovel	occupation
hovel	organization
html	markup-language
human	mammal
human-computer-interaction	computer-science
hunter	athlete
hunter	worker
hunting-expedition	hunt
hunting-expedition	motion
hunting-expedition	voyage
husband	organism
husband	physical-object
husband	spouse
hypervisor	software
ice	substance
ice	water
ice-cream	dessert
ice-cream	dish
ice-cream	food
ice-cream	frozen-dessert
ice-cream	prepared-dish
ice-skate	artifact
ice-skate	equipment
ice-skate	physical-object
ice-skate	sporting-goods
icing	food
icing	spread
identifier	information
identity	partial-order
illustration	image
image-scanner	appliance
image-scanner	camera
image-scanner	digital-camera
image-scanner	equipment
image-scanner	hardware
image-scanner	household-appliance
image-scanner	input-device
image-scanner	interface
image-scanner	peripheral
image-scanner	user-interface
immutable-object	software-object
imperative-programming	computer-programming
imperative-programming	skill
importance	function
in-memory-database	database-management-system
in-memory-database	software
increment	number
index	finger
individual	organism
individual	physical-object
inductor	magnet
inductor	physical-object
industry	occupation
industry	organization
industry	workplace
industry	workshop
information-redundancy	information-entropy
infrastructure	structure
infrastructure-as-a-service	cloud-computing
inhabitant	person
init-system	daemon-process
initial	letter-of-the-alphabet
ink-jet-printer	hardware
ink-jet-printer	peripheral
ink-jet-printer	printer
input-device	hardware
input-device	interface
input-device	peripheral
input-device	user-interface
input-method	software
insect	animal
insect	invertebrate
insect	organism
insect	physical-object
instance	software-object
integer-data-type	data-type
integer-data-type	primitive-data-type
integrated-development-environment	application
integrated-development-environment	software
integration-testing	software-testing
intercom	appliance
intercom	household-appliance
intercom	phone
intermediate-representation	computer-language
intermediate-representation	data-structure
internet-exchange-point	network-node
interpreted-language	programming-language
invasion	therapy
inversion-of-control	computer-science
inversion-of-control	software-architecture
invertebrate	animal
invertebrate	organism
invertebrate	physical-object
inverted-index	data-structure
inverted-index	database-index
ip-address	metadata
ip-address	metadata-tag
iron	drug
iron	medication
ironware	factory
ironware	occupation
ironware	organization
iso-image	computer-file
iso-image	data-file
iso-image	disk-image
issue	text
iterator	data-type
iterator	software-object
ivory	tooth
jacket	artifact
jacket	clothing
jacket	equipment
jacket	outerwear
jacket	physical-object
jacket	tool
jail-cell	prison
jam	food
jar	artifact
jar	equipment
jar	physical-object
jar	tool
javelin	artifact
javelin	equipment
javelin	physical-object
javelin	spear
javelin	sporting-goods
jeans	artifact
jeans	clothing
jeans	equipment
jeans	physical-object
jeans	tool
jeans	trousers
jersey	artifact
jersey	clothing
jersey	equipment
jersey	physical-object
jersey	shirt
jersey	tool
jersey	top
jester	artist
jester	person
jewel	mineral
jigsaw	artifact
jigsaw	equipment
jigsaw	machine
jigsaw	physical-object
jigsaw	power-tool
jigsaw	tool
jockey	athlete
journaling-file-system	file-system
journaling-file-system	software
judge	professional
judge	specialist
judge	worker
jumpsuit	artifact
jumpsuit	clothing
jumpsuit	equipment
jumpsuit	physical-object
jumpsuit	tool
jurisprudence	legislation
jury	organization
just-in-time-compilation	compiler
just-in-time-compilation	software
kanban-software-development	agile-software-development
kanban-software-development	computer-programming
kanban-software-development	skill
ketchup	sauce
key	mechanism
key-value-database	database-management-system
key-value-database	nosql
key-value-database	software
keyhole-markup-language	file-format
keyhole-markup-language	markup-language
kid	goat
killer	person
killer	wrongdoer
kitchen	room
kitchen-mixer	appliance
kitchen-mixer	artifact
kitchen-mixer	equipment
kitchen-mixer	household-appliance
kitchen-mixer	machine
kitchen-mixer	physical-object
kitchen-mixer	power-tool
kitchen-mixer	tool
knife	artifact
knife	equipment
knife	physical-object
knife	tool
knowledge-base	database
knowledge-graph	database
knowledge-graph	knowledge-base
kumquat	commodity
kumquat	organism
kumquat	physical-object
kumquat	plant
kumquat	tree
lab	room
lab	study
lab	workplace
label	artifact
label	physical-object
laborer	employee
laborer	worker
labour	class
lacrosse-ball	artifact
lacrosse-ball	equipment
lacrosse-ball	physical-object
lacrosse-ball	sporting-goods
ladder	artifact
ladder	equipment
ladder	physical-object
ladder	stairway
ladder	tool
ladle	spoon
lake	landform
lamb	animal
lamb	organism
lamb	physical-object
landed-estate	facility
landed-estate	farm
landed-estate	workplace
laptop	computer
laptop	machine
laptop	personal-computer
laptop	portable-computer
latex	markup-language
laundry	care
laundry	service
laundry-detergent	chemical
laurel-wreath	artifact
laurel-wreath	clothing
laurel-wreath	equipment
laurel-wreath	physical-object
laurel-wreath	prize
laurel-wreath	tool
law	social-science
lawn-mower	machine
lawyer	professional
lawyer	specialist
lawyer	worker
lazy-evaluation	algorithm
leader	person
lease	contract
lectern	dining-table
lectern	furniture
lectern	table
lectern	table-furniture
lecture	presentation
leek	vegetable
leftovers	food
leggings	artifact
leggings	clothing
leggings	equipment
leggings	physical-object
leggings	tool
lemon	citrus-fruit
lempel-ziv	data-compression
lempel-ziv	lossless-compression
lens-cap	equipment
letter-opener	artifact
letter-opener	equipment
letter-opener	knife
letter-opener	physical-object
letter-opener	tool
lexer	compiler
lexer	software
lexical-database	database
library	room
license	contract
light-bulb	lamp
light-meter	artifact
light-meter	equipment
light-meter	physical-object
light-meter	tool
lighter	artifact
lighter	equipment
lighter	physical-object
lighter	tool
lime	citrus-fruit
linear-search	information-retrieval
lingerie	artifact
lingerie	clothing
lingerie	equipment
lingerie	physical-object
lingerie	tool
lingerie	underwear
linguistics	humanities
linguistics	social-science
linked-data	database
linked-data	electronic-database
linked-data	software
linked-data	web-site
linked-list	data-structure
linked-list	list
linked-open-data	database
linked-open-data	electronic-database
linked-open-data	linked-data
linked-open-data	open-data
linked-open-data	software
linked-open-data	web-site
linker	software
linux	free-software
linux	open-source-software
linux	operating-system
linux	software
linux	unix-like
linux-distribution	operating-system
linux-distribution	software
linux-distribution	unix-like
lipstick	chemical
lipstick	cosmetic
liquid	fluid
liquid-substance	fluid
list	data-structure
literacy	skill
loan	transaction
lobby	workplace
lock	mechanism
locker	cabinet
log-cabin	building
log-cabin	house
log-file	computer-file
log-file	data-file
logic-bomb	malware
logic-bomb	software
logic-programming	computer-programming
logic-programming	declarative-programming
logic-programming	programming-paradigm
logic-programming	skill
logical-operation	function
longbow	bow
look-alike	person
lookout	guard
looting	crime
loquat	commodity
loquat	organism
loquat	physical-object
loquat	plant
loquat	tree
lossless-compression	data-compression
lossy-compression	data-compression
lotion	chemical
lotion	cosmetic
lotion	fluid
lotion	liquid
lotion	liquid-substance
lottery	game
lounge	room
loungewear	artifact
loungewear	clothing
loungewear	costume
loungewear	equipment
loungewear	physical-object
loungewear	tool
luggage	artifact
luggage	equipment
luggage	physical-object
luggage	tool
lumber	artifact
lumber	physical-object
lung	organ
machete	artifact
machete	equipment
machete	knife
machete	physical-object
machete	tool
machine-code	programming-language
machine-housing	artifact
machine-housing	equipment
machine-housing	physical-object
machine-housing	tool
macos	operating-system
macos	software
magnet	physical-object
magnetic-core-memory	hardware
magnetic-core-memory	ram
magnetic-core-memory	random-access-memory
maid	servant
maid	worker
mailman	employee
mailman	worker
mainframe-computer	computer
mainframe-computer	computer-server
mainframe-computer	machine
male-child	animal
male-child	child
male-child	childhood
male-child	organism
male-child	physical-object
malware	software
man	adult
man	animal
man	organism
man	physical-object
manager	person
mangosteen	commodity
mangosteen	organism
mangosteen	physical-object
mangosteen	plant
mangosteen	tree
manifest-file	computer-file
manifest-file	data-file
manual-memory-management	memory-management
manus	leg
manus	limb
manuscript	text
marathon	game
marathon	race
marathon	sport
marionette	artifact
marionette	doll
marionette	physical-object
marker	pen
marriage	ceremony
marsh	environment
marsh	habitat
marshmallow	candy
mascara	chemical
mascara	cosmetic
mask	artifact
mask	clothing
mask	equipment
mask	physical-object
mask	tool
match	artifact
match	equipment
match	physical-object
match	tool
matchstick	artifact
matchstick	equipment
matchstick	physical-object
matchstick	tool
matrix	array-data-structure
matrix	data-structure
matroska	file-format
matroska	multimedia-container-format
mayonnaise	sauce
meal	commodity
meal	grass
meal	organism
meal	physical-object
meal	plant
measuring-cup	artifact
measuring-cup	cup
measuring-cup	equipment
measuring-cup	physical-object
measuring-cup	tool
measuring-stick	artifact
measuring-stick	equipment
measuring-stick	physical-object
measuring-stick	tool
meat	flesh
meat	food
meat	tissue
medication	drug
medicine-ball	artifact
medicine-ball	equipment
medicine-ball	physical-object
medicine-ball	sporting-goods
medicine-cabinet	cabinet
melon	vegetable
memory-paging	virtual-memory
merchant	businessman
merchant	worker
merge-sort	algorithm
merge-sort	sorting-algorithm
merkle-tree	data-structure
merkle-tree	tree-data-structure
message	information
metadata-tag	metadata
metal-detector	artifact
metal-detector	detector
metal-detector	equipment
metal-detector	physical-object
metal-detector	tool
metaprogramming	computer-programming
metaprogramming	skill
method	textbook
microcontroller	chip
microcontroller	hardware
microcontroller	integrated-circuit
microorganism	organism
microorganism	physical-object
microphone	artifact
microphone	detector
microphone	equipment
microphone	hardware
microphone	input-device
microphone	interface
microphone	musical-instrument
microphone	peripheral
microphone	physical-object
microphone	tool
microphone	user-interface
microservices	computer-science
microservices	service-oriented-architecture
microservices	software-architecture
microsoft-windows	operating-system
microsoft-windows	software
microwave-oven	appliance
microwave-oven	household-appliance
middleware	software
military-uniform	artifact
military-uniform	clothing
military-uniform	equipment
military-uniform	physical-object
military-uniform	tool
military-uniform	uniform
milk	fluid
milk	food
milk	liquid
milk	liquid-substance
mill	machine
mineral-water	drink
mineral-water	fluid
mineral-water	liquid
mineral-water	liquid-substance
mineral-water	water
minicomputer	computer
minicomputer	machine
minimum-spanning-tree	graph
mirror	artifact
mirror	physical-object
mist	cloud
mist	fog
mist	weather
mitt	artifact
mitt	clothing
mitt	equipment
mitt	glove
mitt	physical-object
mitt	sporting-goods
mitt	tool
mitten	artifact
mitten	clothing
mitten	equipment
mitten	physical-object
mitten	tool
mixing-bowl	artifact
mixing-bowl	bowl
mixing-bowl	equipment
mixing-bowl	physical-object
mixing-bowl	serving-bowl
mixing-bowl	tableware
mixing-bowl	tool
molasses	syrup
mold	fungus
mold	organism
mold	physical-object
mollusc	food
mollusc	seafood
monastery	settlement
monitor	display-device
monitor	hardware
monitor	interface
monitor	output-device
monitor	peripheral
monitor	user-interface
monkey	mammal
monolithic-application	computer-science
monolithic-application	software-architecture
mortar	artifact
mortar	equipment
mortar	physical-object
mortar	tool
mosque	organization
mosquito	animal
mosquito	organism
mosquito	physical-object
mother	parent
motherboard	hardware
motor	machine
mountain	landform
mountain-range	landform
mouse	animal
mouse	organism
mouse	physical-object
mouthwash	chemical
mouthwash	cosmetic
mud	chemical
muffin	bread
muffin	food
mug	artifact
mug	cup
mug	equipment
mug	physical-object
mug	tool
multimedia-container-format	file-format
multithreading	concurrency
mushroom-food	mushroom
music	entertainment
music-director	artist
music-director	musician
music-director	person
music-stand	furniture
music-stand	stand
musical-instrument	artifact
musical-instrument	equipment
musical-instrument	physical-object
musical-instrument	tool
musician	artist
musician	person
mustard	food
mustard	spread
mutation-testing	software-testing
mutex	data-type
nail	artifact
nail	equipment
nail	physical-object
nail	tool
nail-polish	chemical
nail-polish	cosmetic
nail-polish	varnish
name	identifier
name	information
namespace	identifier
namespace	information
napkin-ring	tableware
natural-depression	landform
nausea	symptom
necklace	artifact
necklace	clothing
necklace	equipment
necklace	physical-object
necklace	tool
necktie	artifact
necktie	clothing
necktie	equipment
necktie	physical-object
necktie	tool
needle	artifact
needle	equipment
needle	physical-object
needle	tool
negotiation	dialogue
neighbor	inhabitant
neighbor	person
nerve	tissue
net	artifact
net	equipment
net	physical-object
net	sporting-goods
network-client	software
network-file-system	file-system
network-file-system	software
network-gateway	hardware
network-interface-controller	circuit-card
network-interface-controller	hardware
network-router	hardware
network-switch	hardware
nightgown	artifact
nightgown	clothing
nightgown	costume
nightgown	equipment
nightgown	loungewear
nightgown	physical-object
nightgown	sleepwear
nightgown	tool
nightmare	dream
nosql	database-management-system
nosql	software
notebook-computer	computer
notebook-computer	machine
notebook-computer	personal-computer
notebook-computer	portable-computer
nozzle	tip
nozzle	tip-end
nun	monk
nursery	room
nut-butter	food
nut-butter	spread
nutshell	peel
oatmeal	dish
oatmeal	food
oatmeal	grain
oatmeal	prepared-dish
oatmeal	seed
object-class	data-type
object-instance	software-object
object-method	control-flow
object-method	subroutine
object-oriented-programming	computer-programming
object-oriented-programming	skill
object-oriented-programming	structured-programming
observability	system-monitoring
obstacle	physical-object
occupation	organization
office	workplace
office-furniture	furniture
office-open-xml	file-format
office-open-xml	zip-file-format
olive-oil	chemical
olive-oil	cooking-oil
olive-oil	fuel
olive-oil	vegetable-oil
onion-vegetable	bulb
onion-vegetable	vegetable
ontology-language	computer-language
open-source-software	software
opendocument	file-format
opera	musical-composition
operating-system	software
operation	therapy
operational-transformation	function
opinion	point-of-view
opinion	slant
opposition	political-party
option	contract
orange	citrus-fruit
orbit	curve
organism	physical-object
outerwear	artifact
outerwear	clothing
outerwear	equipment
outerwear	physical-object
outerwear	tool
output-device	hardware
output-device	interface
output-device	peripheral
output-device	user-interface
overhead-projector	projector
package-format	file-format
package-manager	software
paddle	artifact
paddle	equipment
paddle	physical-object
paddle	sporting-goods
padlock	key
padlock	lock
padlock	mechanism
pain	symptom
painkiller	drug
painkiller	medication
paintball-gun	artifact
paintball-gun	equipment
paintball-gun	physical-object
paintball-gun	sporting-goods
paintbrush	brush
painting	art
painting	artistic-creation
painting	fine-art
pajama	artifact
pajama	clothing
pajama	costume
pajama	equipment
pajama	loungewear
pajama	physical-object
pajama	sleepwear
pajama	tool
palace	building
palace	house
panic	fear
pannier	artifact
pannier	equipment
pannier	handbag
pannier	housing
pannier	machine-housing
pannier	physical-object
pannier	tool
panty	artifact
panty	clothing
panty	equipment
panty	physical-object
panty	tool
panty	underpants
panty	underwear
paper-towel	towel
parallel-computing	computer-programming
parallel-computing	concurrent-programming
parallel-computing	skill
parliament	legislature
parser	algorithm
parser	software
particle	physical-object
party	person
passenger	person
passphrase	character-string
passphrase	data-type
passphrase	password
password	character-string
password	data-type
pasta	dish
pasta	food
pasta	prepared-dish
pastel	color
pasture	environment
pasture	habitat
pasture	hayfield
patch	software
pattern	decorative-design
pattern-matching	algorithm
pattern-matching	conditional-statement
pattern-matching	control-flow
pattern-matching	program-statement
pattern-matching	statement
paxos	algorithm
payment	transaction
pdf	file-format
pea	bean
pea	food
pea	seed
peach	commodity
peach	organism
peach	physical-object
peach	plant
peach	tree
peasant	farmer
pellet	ammunition
pellet	artifact
pellet	physical-object
pencil-case	artifact
pencil-case	box
pencil-case	equipment
pencil-case	physical-object
pencil-case	tool
pension	service
people	mammal
performer	artist
performer	musician
performer	person
perfume	chemical
perfume	cosmetic
peripheral	hardware
persistent-data-structure	data-structure
persistent-identifier	identifier
persistent-identifier	information
personal-computer	computer
personal-computer	machine
pest	organism
pest	physical-object
petticoat	artifact
petticoat	clothing
petticoat	equipment
petticoat	physical-object
petticoat	tool
petticoat	underwear
phone	appliance
phone	household-appliance
phone-number	identifier
phone-number	information
photograph	image
photographic-film	equipment
photographic-paper	equipment
photographic-paper	paper
physical-barrier	gate
pig	animal
pig	organism
pig	physical-object
pillow	cushion
pillowcase	artifact
pillowcase	equipment
pillowcase	handbag
pillowcase	housing
pillowcase	machine-housing
pillowcase	physical-object
pillowcase	tool
pioneer	person
pipe	artifact
pipe	equipment
pipe	physical-object
pipe	tool
pipette	artifact
pipette	equipment
pipette	physical-object
pipette	tool
plain-text	text
plaintiff	party
plaintiff	person
plant	organism
plant	physical-object
platform-as-a-service	cloud-computing
player	person
playground-ball	artifact
playground-ball	equipment
playground-ball	physical-object
playground-ball	sporting-goods
playhouse	building
playhouse	house
playpen	artifact
playpen	equipment
playpen	physical-object
playpen	tool
pleasure	joy
plunger	artifact
plunger	equipment
plunger	physical-object
plunger	tool
pneumonia	disease
pneumonia	illness
pneumonia	symptom
pocket	artifact
pocket	equipment
pocket	physical-object
pocket	tool
pointer-data-type	data-type
poison	chemical
politician	professional
politician	specialist
politician	worker
polo-shirt	artifact
polo-shirt	clothing
polo-shirt	equipment
polo-shirt	physical-object
polo-shirt	tool
polo-shirt	top
pony	animal
pony	horse
pony	organism
pony	physical-object
pop	drink
pop	fluid
pop	liquid
pop	liquid-substance
popcorn	food
popcorn	snack-food
population	magnitude
pork	flesh
pork	food
pork	meat
pork	tissue
portable-computer	computer
portable-computer	machine
portable-executable	computer-program
portable-executable	executable-file
portfolio	artifact
portfolio	equipment
portfolio	file-folder
portfolio	physical-object
portfolio	tool
portrait	image
poser	mannequin
postage-meter	machine
potato	organism
potato	physical-object
potato	plant
potential	function
potpourri	musical-composition
pound	workplace
power-tool	artifact
power-tool	equipment
power-tool	machine
power-tool	physical-object
power-tool	tool
power-user	expert
power-user	person
power-user	user
practice-session	parade
prayer	text
prepared-dish	food
prescription-drug	drug
prescription-drug	medication
president	leader
president	person
president	politician
president	professional
president	specialist
president	worker
press	machine
pressure-cooker	appliance
pressure-cooker	autoclave
pressure-cooker	household-appliance
pressure-cooker	saucepan
prey	organism
prey	physical-object
primitive-data-type	data-type
princess	adult
princess	animal
princess	organism
princess	physical-object
princess	woman
principle	structure
printer	hardware
printer	peripheral
priority-queue	queue-data-structure
prisoner	inhabitant
prisoner	person
privacy	secrecy
procedural-programming	computer-programming
procedural-programming	imperative-programming
procedural-programming	skill
procedural-programming	structured-programming
process-scheduler	software
producer	businessman
producer	worker
professional	worker
professor	research-worker
professor	scientist
program	publication
program-assertion	control-flow
program-assertion	program-statement
program-assertion	statement
program-constant	function
program-constant	program-variable
program-interpreter	computer-program
program-interpreter	software
program-loader	software
program-statement	control-flow
programmer	person
progressive-web-app	software
progressive-web-app	web-application
progressive-web-app	web-site
promise	declaration
prototype-based-programming	computer-programming
prototype-based-programming	object-oriented-programming
prototype-based-programming	skill
prototype-based-programming	structured-programming
protractor	artifact
protractor	equipment
protractor	physical-object
protractor	tool
proxy-server	computer-server
proxy-server	software
pruning-shears	scissors
psychoanalysis	psychology
publisher	company
publisher	occupation
publisher	organization
pudding	dessert
pudding	dish
pudding	food
pudding	prepared-dish
pulp	tissue
pump	artifact
pump	equipment
pump	physical-object
pump	tool
pumpkin	botanical-fruit
pumpkin	fruit
pumpkin	gourd
pumpkin	vegetable
push-button	hardware
push-button	input-device
push-button	interface
push-button	peripheral
push-button	user-interface
quarter	coin
queen	leader
queen	person
queen	sovereign
query-optimization	database-management-system
query-optimization	relational-database-management-system
query-optimization	software
questionnaire	collection
questionnaire	group
quicksort	algorithm
quicksort	sorting-algorithm
quince	botanical-fruit
quince	fruit
quiver	artifact
quiver	clothing
quiver	equipment
quiver	housing
quiver	machine-housing
quiver	physical-object
quiver	tool
race	game
race	sport
race-condition	security-vulnerability
race-condition	software-bug
racism	crime
racquetball	game
racquetball	sport
radiation-sickness	disease
radiation-sickness	illness
radical	person
radio	telecommunication
radish	plant-root
radish	root
radish	vegetable
rain-barrel	artifact
rain-barrel	barrel
rain-barrel	equipment
rain-barrel	physical-object
rain-barrel	tool
ram	hardware
ramp	mechanism
ranch	settlement
random-access-memory	hardware
randomized-algorithm	algorithm
randomness	uncertainty
rangefinder	artifact
rangefinder	equipment
rangefinder	physical-object
rangefinder	tool
ransomware	malware
ransomware	software
rar	file-format
rar	multimedia-container-format
raspberry-pi	computer
raspberry-pi	hardware
raspberry-pi	machine
raspberry-pi	motherboard
raspberry-pi	single-board-computer
raster-graphics	image
real-time-operating-system	operating-system
real-time-operating-system	software
reciprocating-saw	artifact
reciprocating-saw	equipment
reciprocating-saw	machine
reciprocating-saw	physical-object
reciprocating-saw	power-tool
reciprocating-saw	tool
recommendation	text
record-data-type	data-chunk
record-data-type	program-variable
record-player	artifact
record-player	equipment
record-player	musical-instrument
record-player	physical-object
record-player	tool
recursive-descent-parser	algorithm
recursive-descent-parser	parser
recursive-descent-parser	software
reduced-instruction-set-computer	instruction-set-architecture
reed-solomon-code	erasure-code
reference-counting	garbage-collection
refugee-camp	settlement
register	pitch
regression-testing	software-testing
regular-expression	algorithm
regular-expression	conditional-statement
regular-expression	control-flow
regular-expression	pattern-matching
regular-expression	program-statement
regular-expression	statement
regulator	function
relational-database	database
relational-database-management-system	database-management-system
relational-database-management-system	software
relative	person
relief	algorithm
religious-service	ceremony
religious-service	custom
religious-service	ritual
religious-service	service
relish	dish
relish	food
relish	prepared-dish
relish	salad
relish	sauce
relish-condiment	dish
relish-condiment	food
relish-condiment	prepared-dish
relish-condiment	salad
relish-condiment	sauce
remedy	therapy
remote-control	hardware
remote-control	input-device
remote-control	interface
remote-control	peripheral
remote-control	user-interface
repellent	pesticide
reporter	person
reserve	drug
reserve	medication
residential-district	settlement
restaurant	workplace
restriction	function
retailer	businessman
retailer	worker
retirement	notice.communication
reverse-proxy	computer-server
reverse-proxy	proxy-server
reverse-proxy	software
reversion	mutation
reviewer	critic
reviewer	person
rhubarb	vegetable
rhythm	tempo
rib	bone
ribbon	artifact
ribbon	clothing
ribbon	equipment
ribbon	physical-object
ribbon	tool
rice	commodity
rice	food
rice	grass
rice	organism
rice	physical-object
rice	plant
rich-text-format	file-format
ridge	landform
riding-crop	tack
riding-crop	whip
rifle	gun
ritual	ceremony
ritual	custom
road-shoulder	lane
roadway	road
robbery	crime
robe	artifact
robe	clothing
robe	equipment
robe	physical-object
robe	tool
rocker	chair
rocker	furniture
rocket	noisemaker
role-based-access-control	access-control
role-model	person
roller-skate	artifact
roller-skate	equipment
roller-skate	physical-object
roller-skate	sporting-goods
rootkit	malware
rootkit	software
rope	braid
rope	structure
rose	flower
rose	organism
rose	physical-object
rose	plant
rotary-motion	motion
rotation	motion
router	hardware
row	information
rugby	game
rugby	sport
rugby-ball	artifact
rugby-ball	equipment
rugby-ball	physical-object
rugby-ball	sporting-goods
ruler	artifact
ruler	equipment
ruler	physical-object
ruler	tool
run-length-encoding	algorithm
runtime-system	software
rural-area	settlement
saddle	furniture
saddle	seat
sailboat	boat
sailboat	physical-object
sailboat	vehicle
sailboat	watercraft
salad	dish
salad	food
salad	prepared-dish
salad-dressing	sauce
salmon	fish
salmon	fish-meat
salmon	food
salmon	seafood
salon	occupation
salon	organization
salon	workplace
salsa	food
salsa	hot-sauce
salsa	sauce
salsa	spread
saml	markup-language
sandal	artifact
sandal	clothing
sandal	equipment
sandal	physical-object
sandal	shoe
sandal	tool
sandbox	artifact
sandbox	equipment
sandbox	physical-object
sandbox	tool
sander	artifact
sander	equipment
sander	machine
sander	physical-object
sander	power-tool
sander	tool
sash	artifact
sash	clothing
sash	equipment
sash	physical-object
sash	tool
satellite-internet	telecommunication
satellite-internet	wireless-communication
satisfaction	joy
sauna	bathroom
sauna	building
sauna	room
saxophone	woodwind
scab	worker
scalpel	artifact
scalpel	equipment
scalpel	knife
scalpel	physical-object
scalpel	tool
scanner	appliance
scanner	camera
scanner	digital-camera
scanner	equipment
scanner	hardware
scanner	household-appliance
scanner	input-device
scanner	interface
scanner	peripheral
scanner	user-interface
scarf	artifact
scarf	clothing
scarf	equipment
scarf	physical-object
scarf	tool
scholarship	prize
science	research
scientist	research-worker
scone	bread
scone	food
score	function
scored-goal	failure
scouring-pad	artifact
scouring-pad	equipment
scouring-pad	physical-object
scouring-pad	tool
screen-saver	software
screw	mechanism
screwdriver	artifact
screwdriver	equipment
screwdriver	physical-object
screwdriver	tool
script	concept
script	sign
script	symbol
scripting-language	programming-language
seafood	food
seal	mammal
search-engine	software
search-engine-indexing	computer-process
search-query	text
seat	furniture
secretary	clerk
security-exploit	software
security-vulnerability	software-bug
seed	food
self-balancing-binary-search-tree	binary-search-tree
self-balancing-binary-search-tree	binary-tree
self-balancing-binary-search-tree	data-structure
self-balancing-binary-search-tree	directed-acyclic-graph
self-balancing-binary-search-tree	directed-graph
self-balancing-binary-search-tree	graph
self-balancing-binary-search-tree	tree-data-structure
self-extracting-archive	file-format
self-extracting-archive	software
seller	businessman
seller	person
seller	worker
selling	transaction
semantic-versioning	software-versioning
semantic-web	database
semantic-web	knowledge-base
semantic-web	knowledge-graph
semantic-web	world-wide-web
semaphore-primitive	data-type
serial	text
servant	worker
serverless-computing	cloud-computing
service-oriented-architecture	computer-science
service-oriented-architecture	software-architecture
serving-bowl	artifact
serving-bowl	equipment
serving-bowl	physical-object
serving-bowl	tableware
serving-bowl	tool
sewing-machine	appliance
sewing-machine	household-appliance
share	contract
shared-library	computer-file
shared-library	data-file
shared-library	software
shared-library	software-library
shark	fish
shark	fish-meat
shark	food
shark	seafood
shaving-brush	brush
shawl	artifact
shawl	clothing
shawl	equipment
shawl	outerwear
shawl	physical-object
shawl	tool
shawl	wrap
sheet	bedding
sheet	blanket
shell	ammunition
shell	artifact
shell	physical-object
ship	watercraft
shirt	artifact
shirt	clothing
shirt	equipment
shirt	physical-object
shirt	tool
shirt	top
shoe	artifact
shoe	clothing
shoe	equipment
shoe	physical-object
shoe	tool
shoe-polish	chemical
shoe-polish	wax
shooting	game
shooting	sport
shop	workplace
shot	ammunition
shot	artifact
shot	physical-object
shovel	artifact
shovel	equipment
shovel	physical-object
shovel	tool
shower-cap	artifact
shower-cap	clothing
shower-cap	equipment
shower-cap	physical-object
shower-cap	tool
shrimp	food
shrimp	seafood
shrub	organism
shrub	physical-object
shrub	plant
sideboard	cabinet
sign-of-the-zodiac	concept
sign-of-the-zodiac	sign
sign-of-the-zodiac	symbol
signal	sign
signal-modulation	telecommunication
signboard	information
similarity	function
singer	artist
singer	musician
singer	person
single-board-computer	computer
single-board-computer	hardware
single-board-computer	machine
single-board-computer	motherboard
single-page-application	software
single-page-application	web-application
single-page-application	web-page
single-page-application	web-site
singleton-pattern	software-design-pattern
skateboard	artifact
skateboard	board
skateboard	equipment
skateboard	physical-object
skateboard	sporting-goods
sketch	artifact
sketch	drawing
sketch	physical-object
skewer	food
skin-cream	chemical
skin-cream	cosmetic
skirt	artifact
skirt	clothing
skirt	equipment
skirt	physical-object
skirt	tool
slave	inhabitant
slave	person
slave	prisoner
sled	artifact
sled	equipment
sled	physical-object
sled	sporting-goods
sleeping-bag	bedding
sleeping-bag	blanket
sleepwear	artifact
sleepwear	clothing
sleepwear	costume
sleepwear	equipment
sleepwear	loungewear
sleepwear	physical-object
sleepwear	tool
slide-projector	projector
slide-rule	artifact
slide-rule	equipment
slide-rule	physical-object
slide-rule	tool
slope	landform
slot-machine	game
sludge	fluid
sludge	waste
smartphone	computer
smartphone	machine
smartphone	portable-computer
smell	perception
smoke	physical-object
smoothing-iron	appliance
smoothing-iron	artifact
smoothing-iron	equipment
smoothing-iron	household-appliance
smoothing-iron	machine
smoothing-iron	physical-object
smoothing-iron	power-tool
smoothing-iron	tool
snack-food	food
snail	animal
snail	organism
snail	physical-object
snake	reptile
snare-drum	artifact
snare-drum	drum
snare-drum	equipment
snare-drum	musical-instrument
snare-drum	physical-object
snare-drum	tool
snowboard	artifact
snowboard	board
snowboard	equipment
snowboard	physical-object
snowboard	sporting-goods
snowmobile	artifact
snowmobile	equipment
snowmobile	physical-object
snowmobile	sled
snowmobile	sporting-goods
soap-dish	artifact
soap-dish	equipment
soap-dish	physical-object
soap-dish	tool
soccer	game
soccer	sport
soccer-ball	artifact
soccer-ball	equipment
soccer-ball	physical-object
soccer-ball	sporting-goods
social-engineering-attack	security-vulnerability
social-engineering-attack	software-bug
sociology	social-science
sock	artifact
sock	clothing
sock	equipment
sock	hosiery
sock	physical-object
sock	tool
sofa	furniture
software-architecture	computer-science
software-as-a-service	software
software-container	software
software-dependency	software-coupling
software-documentation	information
software-framework	software
software-framework	software-library
software-library	software
software-package	software
software-patch	software
software-repository	database
software-repository	electronic-database
software-repository	software
software-repository	web-site
software-sandbox	runtime-system
software-sandbox	software
soldering-iron	artifact
soldering-iron	equipment
soldering-iron	machine
soldering-iron	physical-object
soldering-iron	power-tool
soldering-iron	tool
soldier	employee
soldier	warrior
soldier	worker
solid-state-drive	drive
solid-state-drive	hardware
solo	musical-composition
sorrow	worry
sorting-algorithm	algorithm
soup	dish
soup	food
soup	prepared-dish
sour-cream	dairy-product
soy-sauce	sauce
space-heater	appliance
space-heater	household-appliance
spacecraft	physical-object
spacecraft	vehicle
spam-email	information
spam-email	message
sparql-endpoint	computer-server
sparql-endpoint	software
speaker	person
spear	artifact
spear	equipment
spear	physical-object
spear	sporting-goods
specialist	worker
spectacles	artifact
spectacles	clothing
spectacles	equipment
spectacles	physical-object
spectacles	tool
spectator	aircraft
spectator	drone-aircraft
spectator	physical-object
spectator	vehicle
sphere	surface
spider	animal
spider	invertebrate
spider	organism
spider	physical-object
spinach	greens
spinach	herb
spinach	leaf
spinach	vegetable
spirit-level	artifact
spirit-level	equipment
spirit-level	physical-object
spirit-level	tool
spiritualist	person
sport	game
sporting-goods	artifact
sporting-goods	equipment
sporting-goods	physical-object
spray	chemical
spread	food
sprout	vegetable
spur	artifact
spur	clothing
spur	equipment
spur	physical-object
spur	tool
spyware	application
spyware	malware
spyware	software
sql-injection	security-vulnerability
sql-injection	software-bug
stack-data-structure	data-structure
stage	workplace
stake	payment
stake	transaction
stamp	concept
stamp	sign
stamp	symbol
stand	furniture
standard-library	software
standard-library	software-library
starter	engine
starter	machine
starter	motor
statement	control-flow
static-program-analysis	algorithm
static-typing	algorithm
static-typing	static-program-analysis
static-typing	type-system
statistics	mathematics
statue	artifact
statue	physical-object
steak	food
steam	fluid
steam	gas
steam	water
steward	governor
steward	leader
steward	person
stilt	artifact
stilt	clothing
stilt	equipment
stilt	physical-object
stilt	tool
stocking	artifact
stocking	clothing
stocking	equipment
stocking	hosiery
stocking	physical-object
stocking	tool
stopwatch	artifact
stopwatch	clock
stopwatch	clothing
stopwatch	equipment
stopwatch	machine
stopwatch	physical-object
stopwatch	tool
stopwatch	watch
storage-tank	artifact
storage-tank	equipment
storage-tank	physical-object
storage-tank	tool
stored-procedure	control-flow
stored-procedure	subroutine
storm	motion
storm	wind
stove	appliance
stove	artifact
stove	dining-table
stove	equipment
stove	furniture
stove	household-appliance
stove	physical-object
stove	table
stove	table-furniture
stove	tool
stove	workbench
strawberry	berry
street	road
string	mechanism
string-searching-algorithm	algorithm
string-searching-algorithm	information-retrieval
strong-typing	type-system
structured-programming	computer-programming
structured-programming	skill
studio	building
studio	room
studio	workplace
studio	workshop
study	room
study	workplace
subroutine	control-flow
suburb	settlement
suffering	sense
suit	artifact
suit	clothing
suit	equipment
suit	physical-object
suit	tool
suite	bedroom
suite	room
summary	text
sunday	holiday
sundial	artifact
sundial	equipment
sundial	physical-object
sundial	tool
sunglasses	artifact
sunglasses	clothing
sunglasses	equipment
sunglasses	physical-object
sunglasses	tool
sunhat	artifact
sunhat	clothing
sunhat	equipment
sunhat	hat
sunhat	physical-object
sunhat	tool
sunlight	light
sunscreen	chemical
sunscreen	cosmetic
supercomputer	computer
supercomputer	machine
supermarket	grocery-store
supermarket	workplace
supervisor	manager
supervisor	person
surfboard	artifact
surfboard	board
surfboard	equipment
surfboard	physical-object
surfboard	sporting-goods
surfboard	watercraft
surgeon	doctor
surrogate	animal
surrogate	organism
surrogate	physical-object
survivor	person
survivor	victim
sweater	artifact
sweater	clothing
sweater	equipment
sweater	physical-object
sweater	tool
sweater	top
sweatshirt	activewear
sweatshirt	artifact
sweatshirt	clothing
sweatshirt	equipment
sweatshirt	physical-object
sweatshirt	sporting-goods
sweatshirt	sweater
sweatshirt	tool
sweatshirt	top
sweet-potato	vegetable
swimwear	activewear
swimwear	artifact
swimwear	clothing
swimwear	equipment
swimwear	physical-object
swimwear	sporting-goods
swimwear	tool
symbol	concept
symbol	sign
symbolic-link	computer-file
symbolic-link	data-file
symbolic-link	reference
symbolic-link	reference-data-type
symmetric-key-cryptography	algorithm
syndrome	disease
syndrome	illness
syndrome	symptom
syringe	artifact
syringe	equipment
syringe	physical-object
syringe	tool
table	furniture
table-furniture	furniture
table-knife	artifact
table-knife	equipment
table-knife	knife
table-knife	physical-object
table-knife	tool
tablet-computer	computer
tablet-computer	digital-computer
tablet-computer	machine
tablet-computer	portable-computer
tahini	food
tahini	spread
tangelo	citrus-fruit
tangelo	food
tapeline	artifact
tapeline	equipment
tapeline	physical-object
tapeline	ruler
tapeline	tool
tapenade	food
tapenade	spread
tar-file-format	computer-file
tar-file-format	data-file
target	artifact
target	equipment
target	physical-object
target	sporting-goods
tart	pie
tartar-sauce	sauce
taste	perception
tax-return	concept
tax-return	explaining
tax-return	explanation
tax-return	information
tax-return	message
taxonomy	classification-scheme
tea-set	tableware
teaching	education
teaching	service
team	organization
tear	fluid
tear	liquid
tear	liquid-substance
television	medium
temporal-database	database
tenant	inhabitant
tenant	person
tennis	game
tennis	sport
tent	artifact
tent	equipment
tent	physical-object
tent	sporting-goods
terminal	hardware
terminal	peripheral
terrorist	person
terrorist	radical
test-automation	software-testing
text-based-user-interface	interface
text-based-user-interface	user-interface
text-cursor	computer-icon
text-cursor	concept
text-cursor	sign
text-cursor	symbol
text-editor	application
text-editor	software
text-file	computer-file
text-file	data-file
text-file	file-format
text-file	plain-text
text-file	text
theodolite	artifact
theodolite	equipment
theodolite	physical-object
theodolite	tool
theology	humanities
theoretical-computer-science	computer-science
theorist	research-worker
theorist	scientist
thermometer	artifact
thermometer	equipment
thermometer	physical-object
thermometer	tool
thermostat	appliance
thermostat	household-appliance
thermostat	mechanism
thin-client	computer
thin-client	machine
thin-client	network-client
thin-client	software
thumb	finger
tiara	artifact
tiara	clothing
tiara	crown
tiara	equipment
tiara	headdress
tiara	physical-object
tiara	tool
tide	motion
tights	artifact
tights	clothing
tights	equipment
tights	hosiery
tights	physical-object
tights	tool
time-complexity	function
time-series-database	database-management-system
time-series-database	software
timetable	schedule
tin-whistle	flute
tin-whistle	woodwind
tissue-paper	paper
title-of-respect	sign
toast	bread
toast	food
toaster	appliance
toaster	household-appliance
toilet-paper	paper
toilet-paper	tissue-paper
tomato	vegetable
tomato-paste	food
tomato-paste	spread
toner	powder
tongs	pliers
tool	artifact
tool	equipment
tool	physical-object
tool-cabinet	artifact
tool-cabinet	box
tool-cabinet	equipment
tool-cabinet	physical-object
tool-cabinet	tool
toothbrush	brush
toothpaste	chemical
toothpaste	cosmetic
top	artifact
top	clothing
top	equipment
top	physical-object
top	tool
tortilla	bread
tortilla	food
torture	crime
torture	violence
tostada	food
touchscreen	hardware
touchscreen	input-device
touchscreen	interface
touchscreen	output-device
touchscreen	peripheral
touchscreen	user-interface
tourism	motion
tourism	voyage
tower	building
toy-marble	artifact
toy-marble	equipment
toy-marble	physical-object
toy-marble	sporting-goods
tract	publication
trader	businessman
trader	merchant
trader	worker
traffic	motion
tragedy	drama
tragedy	dramatic-play
training-workshop	meeting
training-workshop	service
trap	artifact
trap	equipment
trap	physical-object
trap	tool
tray	artifact
tray	equipment
tray	physical-object
tray	tableware
tray	tool
treasure	collection
treasure	group
treasurer	businessman
treasurer	worker
tree	organism
tree	physical-object
tree	plant
tree-data-structure	data-structure
tribute	payment
tribute	transaction
triplestore	database
triplestore	graph-database
triplestore	software
trojan-horse-malware	malware
trojan-horse-malware	software
trophy	prize
trousers	artifact
trousers	clothing
trousers	equipment
trousers	physical-object
trousers	tool
trunk	artifact
trunk	equipment
trunk	luggage
trunk	physical-object
trunk	tool
tubing	artifact
tubing	equipment
tubing	physical-object
tubing	tool
tulip	organism
tulip	physical-object
tulip	plant
turban	artifact
turban	clothing
turban	equipment
turban	physical-object
turban	tool
tureen	tableware
turnip	vegetable
turntable	artifact
turntable	equipment
turntable	musical-instrument
turntable	physical-object
turntable	record-player
turntable	tool
turtle-syntax	n-triples
tuxedo	artifact
tuxedo	clothing
tuxedo	equipment
tuxedo	physical-object
tuxedo	suit
tuxedo	tool
type-inference	type-system
typewriter	machine
umbrella	artifact
umbrella	clothing
umbrella	equipment
umbrella	physical-object
umbrella	tool
underpants	artifact
underpants	clothing
underpants	equipment
underpants	physical-object
underpants	tool
underpants	underwear
underwear	artifact
underwear	clothing
underwear	equipment
underwear	physical-object
underwear	tool
uniform	artifact
uniform	clothing
uniform	equipment
uniform	physical-object
uniform	tool
uniform-resource-name	identifier
uniform-resource-name	information
uniform-resource-name	persistent-identifier
uniform-resource-name	uniform-resource-identifier
unit-testing	software-testing
university	organization
unix-like	operating-system
unix-like	software
unix-shell	software
upper-ontology	computational-ontology
upper-ontology	database
upper-ontology	knowledge-base
urinal	toilet
urine	fluid
urine	liquid
urine	liquid-substance
url	uniform-resource-identifier
vacation	leave
vacuum	appliance
vacuum	artifact
vacuum	equipment
vacuum	household-appliance
vacuum	machine
vacuum	physical-object
vacuum	power-tool
vacuum	tool
valley	landform
valley	natural-depression
vanity	dining-table
vanity	furniture
vanity	table
vanity	table-furniture
vase	artifact
vase	equipment
vase	physical-object
vase	tool
vector-clock	logical-clock
vegetable-oil	chemical
vegetable-oil	cooking-oil
vegetable-oil	fuel
vegetarian	person
vehicle	physical-object
vein	vessel
vending-machine	workplace
venue	facility
version-control-branch	data-structure
vertebrate	animal
vertebrate	organism
vertebrate	physical-object
vest	artifact
vest	clothing
vest	equipment
vest	outerwear
vest	physical-object
vest	tool
veteran	employee
veteran	warrior
veteran	worker
victim	person
videotape	magnetic-tape
view	image
villa	building
villa	house
virgin	adult
virgin	animal
virgin	child
virgin	childhood
virgin	organism
virgin	physical-object
virgin	woman
virtual-machine	application
virtual-machine	software
virtualization	software-abstraction
virus	microorganism
virus	organism
virus	physical-object
vitamin	chemical
vodka	liquor
volcano	landform
volcano	mountain
volition	cognition
volleyball	artifact
volleyball	equipment
volleyball	physical-object
volleyball	sporting-goods
volleyball-net	artifact
volleyball-net	equipment
volleyball-net	net
volleyball-net	physical-object
volleyball-net	sporting-goods
von-neumann-architecture	computer
von-neumann-architecture	machine
voyage	motion
waffle	dish
waffle	food
waffle	prepared-dish
waffle-iron	appliance
waffle-iron	household-appliance
walking-stick	artifact
walking-stick	clothing
walking-stick	equipment
walking-stick	physical-object
walking-stick	tool
wall-plate	beam
wallet	artifact
wallet	equipment
wallet	handbag
wallet	housing
wallet	machine-housing
wallet	physical-object
wallet	tool
ward	room
wardrobe	furniture
warrant	contract
warrant	option
washcloth	artifact
washcloth	clothing
washcloth	equipment
washcloth	glove
washcloth	physical-object
washcloth	tool
washer	appliance
washer	household-appliance
watch	artifact
watch	clock
watch	clothing
watch	equipment
watch	machine
watch	physical-object
watch	tool
water-bottle	artifact
water-bottle	bottle
water-bottle	equipment
water-bottle	physical-object
water-bottle	tool
waterfall	landform
watering-can	artifact
watering-can	equipment
watering-can	physical-object
watering-can	tool
wax	chemical
wax-paper	paper
web-api	application-programming-interface
web-application	software
web-application	web-site
web-browser	application
web-browser	software
web-cache	computer-cache
web-cache	hardware
web-search-engine	search-engine
web-search-engine	software
web-server	computer-server
web-server	software
web-site	software
webcam	camera
webcam	digital-camera
webcam	equipment
webcam	hardware
webcam	peripheral
wedding	ceremony
wedding-dress	artifact
wedding-dress	clothing
wedding-dress	dress
wedding-dress	equipment
wedding-dress	physical-object
wedding-dress	tool
weed	organism
weed	pest
weed	physical-object
weed	plant
weighing-machine	artifact
weighing-machine	equipment
weighing-machine	physical-object
weighing-machine	tool
whale	mammal
wheat	commodity
wheat	food
wheat	grass
wheat	organism
wheat	physical-object
wheat	plant
wheat-berry	commodity
wheat-berry	food
wheat-berry	grass
wheat-berry	organism
wheat-berry	physical-object
wheat-berry	plant
wheel	mechanism
wheelchair	chair
wheelchair	furniture
whip	tack
whipped-cream	cream
whipped-cream	dairy-product
whirligig	artifact
whirligig	entertainment
whirligig	equipment
whirligig	physical-object
whirligig	tool
white-potato	vegetable
wide-column-store	database-management-system
wide-column-store	software
widow	adult
widow	animal
widow	organism
widow	physical-object
widow	woman
wife	spouse
wig	artifact
wig	clothing
wig	equipment
wig	physical-object
wig	tool
wiki	software
wiki	web-site
wildlife	life
wildlife	organism
wildlife	physical-object
wind	motion
window-manager	software
window-screen	mosquito-net
wine-glass	tableware
wire	electrical-conductor
wireless-communication	telecommunication
wolf	animal
wolf	organism
wolf	physical-object
woman	adult
woman	animal
woman	organism
woman	physical-object
wood	commodity
wood	tissue
wool	thread
word-processor	application
word-processor	software
workbench	artifact
workbench	dining-table
workbench	equipment
workbench	furniture
workbench	physical-object
workbench	table
workbench	table-furniture
workbench	tool
workshop	workplace
workstation	appliance
workstation	computer
workstation	desktop-computer
workstation	household-appliance
workstation	machine
workstation	personal-computer
wrap	artifact
wrap	clothing
wrap	equipment
wrap	physical-object
wrap	tool
wristband	artifact
wristband	clothing
wristband	equipment
wristband	physical-object
wristband	tool
write-once-read-many	hardware
writer	artist
writer	person
wrongdoer	person
xml	markup-language
xylophone	artifact
xylophone	equipment
xylophone	musical-instrument
xylophone	physical-object
xylophone	tool
yacht	ship
yacht	watercraft
yam	vegetable
yogurt	dairy-product
zero-day-exploit	security-exploit
zero-day-exploit	security-vulnerability
zero-day-exploit	software
zero-day-exploit	software-bug
zip-file-format	file-format
